Date,HazardRate
9/23/2003,0.00217269
9/24/2003,0.002402909
9/25/2003,0.002402909
9/26/2003,0.001971812
9/29/2003,0.002176141
9/30/2003,0.001936869
10/1/2003,0.001915137
10/2/2003,0.001936869
10/3/2003,0.001847385
10/6/2003,0.00194702
10/7/2003,0.001902773
10/8/2003,0.001902773
10/9/2003,0.001784195
10/10/2003,0.002409711
10/13/2003,0.002110591
10/14/2003,0.002081091
10/15/2003,0.002051591
10/16/2003,0.002110591
10/17/2003,0.002090109
10/20/2003,0.00206642
10/21/2003,0.00206642
10/22/2003,0.00206642
10/23/2003,0.00197508
10/24/2003,0.001818115
10/27/2003,0.001895677
10/28/2003,0.001895677
10/29/2003,0.001895677
10/30/2003,0.001699799
10/31/2003,0.001589372
11/3/2003,0.001665619
11/4/2003,0.001665619
11/5/2003,0.001691912
11/6/2003,0.002083773
11/7/2003,0.001808537
11/10/2003,0.002170537
11/11/2003,0.001895677
11/12/2003,0.001895677
11/13/2003,0.001895677
11/14/2003,0.001801551
11/17/2003,0.001640642
11/18/2003,0.001788889
11/19/2003,0.002105885
11/20/2003,0.001900936
11/21/2003,0.002518543
11/24/2003,0.00275
11/25/2003,0.00275
11/26/2003,0.00275
11/27/2003,0.00275
11/28/2003,0.001666667
12/1/2003,0.001975001
12/2/2003,0.00171426
12/3/2003,0.001624866
12/4/2003,0.001344415
12/5/2003,0.001344415
12/8/2003,0.00150466
12/9/2003,0.001344415
12/10/2003,0.001771014
12/11/2003,0.001909227
12/12/2003,0.001893415
12/15/2003,0.002005952
12/16/2003,0.002024387
12/17/2003,0.002024387
12/18/2003,0.002055471
12/19/2003,0.002055471
12/22/2003,0.002017783
12/23/2003,0.002017783
12/24/2003,0.002017783
12/25/2003,0.002040285
12/26/2003,0.002102431
12/29/2003,0.002074728
12/30/2003,0.002074728
12/31/2003,0.002074728
1/2/2004,0.002074728
1/5/2004,0.002134268
1/6/2004,0.002134268
1/7/2004,0.002134268
1/8/2004,0.002127313
1/9/2004,0.001901462
1/12/2004,0.001852295
1/13/2004,0.002062634
1/14/2004,0.002128552
1/15/2004,0.002115218
1/16/2004,0.002115218
1/19/2004,0.00236631
1/20/2004,0.00236631
1/21/2004,0.002217548
1/22/2004,0.002320945
1/23/2004,0.002311534
1/26/2004,0.002320386
1/27/2004,0.002320386
1/28/2004,0.002464894
1/29/2004,0.002533379
1/30/2004,0.002692886
2/2/2004,0.002692886
2/3/2004,0.002737959
2/4/2004,0.004273819
2/5/2004,0.0046
2/6/2004,0.003823859
2/9/2004,0.004079256
2/10/2004,0.003800995
2/11/2004,0.004035122
2/12/2004,0.003972443
2/13/2004,0.003477307
2/16/2004,0.002980071
2/17/2004,0.003510202
2/18/2004,0.003510202
2/19/2004,0.003166776
2/20/2004,0.002772061
2/23/2004,0.00278942
2/24/2004,0.003065891
2/25/2004,0.003115057
2/26/2004,0.003143311
2/27/2004,0.003143311
3/1/2004,0.002987567
3/2/2004,0.002717565
3/3/2004,0.003096774
3/4/2004,0.003075702
3/5/2004,0.002593939
3/8/2004,0.002544362
3/9/2004,0.002544362
3/10/2004,0.002544362
3/11/2004,0.002258454
3/12/2004,0.002258454
3/15/2004,0.002028454
3/16/2004,0.002028454
3/17/2004,0.002028454
3/18/2004,0.001960882
3/19/2004,0.001960882
3/22/2004,0.003012013
3/23/2004,0.003024534
3/24/2004,0.003004815
3/25/2004,0.003162569
3/26/2004,0.003150793
3/29/2004,0.003129722
3/30/2004,0.003108651
3/31/2004,0.00315232
4/1/2004,0.00315232
4/2/2004,0.003312834
4/5/2004,0.002972424
4/6/2004,0.002972424
4/7/2004,0.002710389
4/8/2004,0.002848862
4/9/2004,0.002848862
4/12/2004,0.002790866
4/13/2004,0.002790866
4/14/2004,0.002643782
4/15/2004,0.002815357
4/16/2004,0.002830107
4/19/2004,0.002800397
4/20/2004,0.002800397
4/21/2004,0.002800397
4/22/2004,0.002974255
4/23/2004,0.002726463
4/26/2004,0.002703641
4/27/2004,0.002679057
4/28/2004,0.002679057
4/29/2004,0.002679057
4/30/2004,0.00270535
7/21/2004,0.003198876
7/22/2004,0.003101006
7/23/2004,0.002271658
7/26/2004,0.002287433
7/27/2004,0.002388889
7/28/2004,0.002064606
7/29/2004,0.003049911
7/30/2004,0.002553722
8/2/2004,0.00241574
8/3/2004,0.00277279
8/4/2004,0.00277279
8/5/2004,0.002605658
8/6/2004,0.002605658
8/9/2004,0.002271658
8/10/2004,0.002888678
8/11/2004,0.003285052
8/12/2004,0.003285052
8/13/2004,0.002446419
8/16/2004,0.004238324
8/17/2004,0.004238324
8/18/2004,0.00365978
8/19/2004,0.003339218
8/20/2004,0.002915648
8/23/2004,0.003170757
8/24/2004,0.002558244
8/25/2004,0.002602152
8/26/2004,0.002586377
8/27/2004,0.002839572
8/30/2004,0.003036765
8/31/2004,0.003036765
9/1/2004,0.003036765
9/2/2004,0.003222222
9/3/2004,0.003086654
9/6/2004,0.002562263
9/7/2004,0.002702033
9/8/2004,0.002833393
9/9/2004,0.002694452
9/10/2004,0.002640464
9/13/2004,0.002716349
9/14/2004,0.002627709
9/15/2004,0.002627709
9/16/2004,0.002113904
9/17/2004,0.002641788
9/20/2004,0.002288225
9/21/2004,0.002524064
9/22/2004,0.001831141
9/23/2004,0.001831141
9/24/2004,0.001803683
9/27/2004,0.002357552
9/28/2004,0.0023753
9/29/2004,0.00225449
9/30/2004,0.002080316
10/1/2004,0.001873257
10/4/2004,0.001758673
10/5/2004,0.001885878
10/6/2004,0.002234033
10/7/2004,0.001782647
10/8/2004,0.001235214
10/11/2004,0.001235214
10/12/2004,0.00107299
10/13/2004,0.00107299
10/14/2004,0.001118971
10/15/2004,0.001118971
10/18/2004,0.001
10/19/2004,0.00100156
10/20/2004,0.000878045
10/21/2004,0.001022103
10/22/2004,0.001621941
10/25/2004,0.00106943
10/26/2004,0.00106943
10/27/2004,0.001124459
10/28/2004,0.001210036
10/29/2004,0.001645103
11/1/2004,0.001337298
11/2/2004,0.001411808
11/3/2004,0.001411808
11/4/2004,0.001411808
11/5/2004,0.001411808
11/8/2004,0.001491459
11/9/2004,0.001971925
11/10/2004,0.001841445
11/11/2004,0.001841445
11/12/2004,0.001841445
11/15/2004,0.001469671
11/16/2004,0.00168032
11/17/2004,0.001753967
11/18/2004,0.001407358
11/19/2004,0.001351123
11/22/2004,0.00154378
11/23/2004,0.001604584
11/24/2004,0.001604584
11/25/2004,0.001335472
11/26/2004,0.001335472
11/29/2004,0.001582799
11/30/2004,0.001391849
12/1/2004,0.000649947
12/2/2004,0.00085713
12/3/2004,0.00090135
12/6/2004,0.000599465
12/7/2004,0.000581436
12/8/2004,0.000581436
12/9/2004,0.000589036
12/10/2004,0.000622734
12/13/2004,0.000640383
12/14/2004,0.000640383
12/15/2004,0.000632199
12/16/2004,0.000649859
12/17/2004,0.000636439
12/20/2004,0.000649947
12/21/2004,0.0007144
12/22/2004,0.0007144
12/23/2004,0.0007144
12/24/2004,0.000911173
12/27/2004,0.000938373
12/28/2004,0.001107786
12/29/2004,0.000945242
12/30/2004,0.00116115
12/31/2004,0.001671988
1/3/2005,0.001126065
1/4/2005,0.001504675
1/5/2005,0.001054919
1/6/2005,0.00093627
1/7/2005,0.001269733
1/10/2005,0.001284075
1/11/2005,0.001163231
1/12/2005,0.001163231
1/13/2005,0.000860811
1/14/2005,0.00116497
1/17/2005,0.001298473
1/18/2005,0.001228707
1/19/2005,0.001228707
1/20/2005,0.001061684
1/21/2005,0.000949995
1/24/2005,0.001254539
1/25/2005,0.001377718
1/26/2005,0.001377718
1/27/2005,0.00147142
1/28/2005,0.00125
1/31/2005,0.00143359
2/1/2005,0.001436522
2/2/2005,0.001341961
2/3/2005,0.000746019
2/4/2005,0.001199891
2/7/2005,0.000733289
2/8/2005,0.000733289
2/9/2005,0.001345217
2/10/2005,0.001262467
2/11/2005,0.001114269
2/14/2005,0.001064047
2/15/2005,0.001064047
2/16/2005,0.001227548
2/17/2005,0.001119103
2/18/2005,0.001458778
2/21/2005,0.001445582
2/22/2005,0.001064649
2/23/2005,0.00081306
2/24/2005,0.001379603
2/25/2005,0.001379603
2/28/2005,0.000433824
3/1/2005,0.000315508
3/2/2005,0.000675187
3/3/2005,0.000675187
3/4/2005,0.000675187
3/7/2005,0.000861337
3/8/2005,0.000892362
3/9/2005,0.000861279
3/10/2005,0.000857824
3/11/2005,0.000738099
3/14/2005,0.000812711
3/15/2005,0.000741837
3/16/2005,0.000711039
3/17/2005,0.000680052
3/18/2005,0.000733879
3/21/2005,0.001159258
3/22/2005,0.001161601
3/23/2005,0.001591938
3/24/2005,0.001502264
3/25/2005,0.001579941
3/28/2005,0.001420186
3/29/2005,0.000754724
3/30/2005,0.000850183
3/31/2005,0.000747872
4/1/2005,0.001459995
4/4/2005,0.001379732
4/5/2005,0.00136205
4/6/2005,0.001275349
4/7/2005,0.001365852
4/8/2005,0.001377022
4/11/2005,0.001382101
4/12/2005,0.001382101
4/13/2005,0.001382736
4/14/2005,0.001164104
4/15/2005,0.002312759
4/18/2005,0.001694387
4/19/2005,0.001872745
4/20/2005,0.00224218
4/21/2005,0.002037427
4/22/2005,0.002020038
4/25/2005,0.001550817
4/26/2005,0.001263895
4/27/2005,0.001130886
4/28/2005,0.001373471
4/29/2005,0.001955174
5/2/2005,0.001965106
5/3/2005,0.002011132
5/4/2005,0.001952394
5/5/2005,0.002032629
5/6/2005,0.002001289
5/9/2005,0.001843225
5/10/2005,0.00199517
5/11/2005,0.001990572
5/12/2005,0.002477758
5/13/2005,0.0022912
5/16/2005,0.002669399
5/17/2005,0.002677778
5/18/2005,0.003079
5/19/2005,0.00124251
5/20/2005,0.001037299
5/23/2005,0.001051693
5/24/2005,0.001359945
5/25/2005,0.001383376
5/26/2005,0.000801579
5/27/2005,0.000786555
5/30/2005,0.000889762
5/31/2005,0.001429621
6/1/2005,0.001509179
6/2/2005,0.00155421
6/3/2005,0.001399053
6/6/2005,0.001376597
6/7/2005,0.001409607
6/8/2005,0.001332062
6/9/2005,0.001338935
6/10/2005,0.001333228
6/13/2005,0.0013785
6/14/2005,0.001492909
6/15/2005,0.001442218
6/16/2005,0.00149026
6/17/2005,0.001420784
6/20/2005,0.001336732
6/21/2005,0.001339064
6/22/2005,0.001070693
6/23/2005,0.001061774
6/24/2005,0.001069254
6/27/2005,0.001042882
6/28/2005,0.000934064
6/29/2005,0.000934589
6/30/2005,0.000954865
7/1/2005,0.001001175
7/4/2005,0.001110614
7/5/2005,0.001054908
7/6/2005,0.001171864
7/7/2005,0.001124068
7/8/2005,0.000977645
7/11/2005,0.000992479
7/12/2005,0.001054659
7/13/2005,0.000962602
7/14/2005,0.000841
7/15/2005,0.000794573
7/18/2005,0.00078369
7/19/2005,0.000754163
7/20/2005,0.000767322
7/21/2005,0.000768576
7/22/2005,0.000757074
7/25/2005,0.000867583
7/26/2005,0.00088792
7/27/2005,0.000835524
7/28/2005,0.000868373
7/29/2005,0.000739088
8/1/2005,0.000664128
8/2/2005,0.000637302
8/3/2005,0.000634464
8/4/2005,0.00071537
8/5/2005,0.000682335
8/8/2005,0.00064368
8/9/2005,0.000576612
8/10/2005,0.000512281
8/11/2005,0.000499509
8/12/2005,0.000508138
8/15/2005,0.000509939
8/16/2005,0.000986822
8/17/2005,0.00111471
8/18/2005,0.001164385
8/19/2005,0.001113054
8/22/2005,0.001132608
8/23/2005,0.000991258
8/24/2005,0.000930783
8/25/2005,0.000314239
8/26/2005,0.000314564
8/29/2005,0.000346304
8/30/2005,0.000352614
8/31/2005,0.000376716
9/1/2005,0.000380125
9/2/2005,0.000380613
9/5/2005,0.000380689
9/6/2005,0.000380139
9/7/2005,0.000385459
9/8/2005,0.000494619
9/9/2005,0.000435727
9/12/2005,0.000425958
9/13/2005,0.000477852
9/14/2005,0.000488307
9/15/2005,0.000487539
9/16/2005,0.000492492
9/19/2005,0.000463783
9/20/2005,0.000526192
9/21/2005,0.0007915
9/22/2005,0.000732201
9/23/2005,0.000690414
9/26/2005,0.00068145
9/27/2005,0.000681778
9/28/2005,0.000663206
9/29/2005,0.00064001
9/30/2005,0.000652824
10/3/2005,0.000613548
10/4/2005,0.000583035
10/5/2005,0.000623712
10/6/2005,0.000687566
10/7/2005,0.000695612
10/10/2005,0.000696617
10/11/2005,0.00072867
10/12/2005,0.000722859
10/13/2005,0.000660134
10/14/2005,0.000728853
10/17/2005,0.000714128
10/18/2005,0.000794445
10/19/2005,0.000806354
10/20/2005,0.000990645
10/21/2005,0.001090659
10/24/2005,0.001102687
10/25/2005,0.00115144
10/26/2005,0.001148223
10/27/2005,0.001102874
10/28/2005,0.001096736
10/31/2005,0.001220154
11/1/2005,0.001098777
11/2/2005,0.001083972
11/3/2005,0.001077166
11/4/2005,0.001101657
11/7/2005,0.001235383
11/8/2005,0.001145479
11/9/2005,0.001135485
11/10/2005,0.001145962
11/11/2005,0.001146837
11/14/2005,0.001103845
11/15/2005,0.001125573
11/16/2005,0.001161439
11/17/2005,0.001164964
11/18/2005,0.001086408
11/21/2005,0.000982311
11/22/2005,0.000966315
11/23/2005,0.000986383
11/24/2005,0.000982468
11/25/2005,0.000958565
11/28/2005,0.000918837
11/29/2005,0.00095077
11/30/2005,0.000722591
12/1/2005,0.000722595
12/2/2005,0.0008768
12/5/2005,0.000856388
12/6/2005,0.000872748
12/7/2005,0.00087444
12/8/2005,0.000891119
12/9/2005,0.000978204
12/12/2005,0.000978197
12/13/2005,0.000978193
12/14/2005,0.000978178
12/15/2005,0.000978176
12/16/2005,0.000978175
12/19/2005,0.000928167
12/20/2005,0.000978176
12/21/2005,0.000978114
12/22/2005,0.00092544
12/23/2005,0.000926129
12/26/2005,0.000879026
12/27/2005,0.000986634
12/28/2005,0.000986644
12/29/2005,0.000986626
12/30/2005,0.000986607
1/2/2006,0.001030355
1/3/2006,0.000954534
1/4/2006,0.000954538
1/5/2006,0.000924506
1/6/2006,0.000954528
1/9/2006,0.000954608
1/10/2006,0.00095461
1/11/2006,0.000986757
1/12/2006,0.00098676
1/13/2006,0.000986751
1/16/2006,0.000953413
1/17/2006,0.00098677
1/18/2006,0.001011288
1/19/2006,0.000907714
1/20/2006,0.00085491
1/23/2006,0.000829927
1/24/2006,0.000800539
1/25/2006,0.000735243
1/26/2006,0.00073524
1/27/2006,0.000682439
1/30/2006,0.000682443
1/31/2006,0.000669948
2/1/2006,0.000702405
2/2/2006,0.000700514
2/3/2006,0.000696473
2/6/2006,0.000685732
2/7/2006,0.000689345
2/8/2006,0.000690547
2/9/2006,0.000690947
2/10/2006,0.000691083
2/13/2006,0.000717392
2/14/2006,0.000721117
2/15/2006,0.000830389
2/16/2006,0.000919617
2/17/2006,0.00088766
2/20/2006,0.000912438
2/21/2006,0.001100912
2/22/2006,0.001016304
2/23/2006,0.001006381
2/24/2006,0.000680077
2/27/2006,0.000808451
2/28/2006,0.000768101
3/1/2006,0.000726677
3/2/2006,0.000740619
3/3/2006,0.000724173
3/6/2006,0.00067023
3/7/2006,0.000670374
3/8/2006,0.000670547
3/9/2006,0.000658214
3/10/2006,0.000784003
3/13/2006,0.000803526
3/14/2006,0.000770337
3/15/2006,0.000802834
3/16/2006,0.000813689
3/17/2006,0.000809946
3/20/2006,0.000771739
3/21/2006,0.000812473
3/22/2006,0.000813717
3/23/2006,0.000826748
3/24/2006,0.000829545
3/27/2006,0.00080897
3/28/2006,0.00084545
3/29/2006,0.000818239
3/30/2006,0.000803028
3/31/2006,0.000824173
4/3/2006,0.000849912
4/4/2006,0.000802709
4/5/2006,0.000794947
4/6/2006,0.000791726
4/7/2006,0.000767749
4/10/2006,0.000760757
4/11/2006,0.00076246
4/12/2006,0.000761999
4/13/2006,0.000762551
4/14/2006,0.000751362
4/17/2006,0.000751657
4/18/2006,0.000766741
4/19/2006,0.000710734
4/20/2006,0.000685906
4/21/2006,0.00075649
4/24/2006,0.001101616
4/25/2006,0.000700811
4/26/2006,0.000698151
4/27/2006,0.000601071
4/28/2006,0.000726098
5/1/2006,0.000726098
5/2/2006,0.000713004
5/3/2006,0.000706208
5/4/2006,0.000676299
5/5/2006,0.000564812
5/8/2006,0.000566153
5/9/2006,0.00051351
5/10/2006,0.000492475
5/11/2006,0.000499357
5/12/2006,0.00050053
5/15/2006,0.000507392
5/16/2006,0.000512744
5/17/2006,0.000544705
5/18/2006,0.000541767
5/19/2006,0.000663175
5/22/2006,0.0006557
5/23/2006,0.000591609
5/24/2006,0.000580373
5/25/2006,0.000589716
5/26/2006,0.000592973
5/29/2006,0.000592973
5/30/2006,0.000670147
5/31/2006,0.000577096
6/1/2006,0.000684122
6/2/2006,0.000684122
6/5/2006,0.000667386
6/6/2006,0.000771489
6/7/2006,0.000818489
6/8/2006,0.000837537
6/9/2006,0.000866253
6/12/2006,0.000905168
6/13/2006,0.00083563
6/14/2006,0.000885884
6/15/2006,0.000815975
6/16/2006,0.000832819
6/19/2006,0.000798274
6/20/2006,0.000745546
6/21/2006,0.000917186
6/22/2006,0.000931581
6/23/2006,0.001549299
6/26/2006,0.001667388
6/27/2006,0.000938295
6/28/2006,0.001601317
6/29/2006,0.001607135
6/30/2006,0.001599274
7/3/2006,0.001579512
7/4/2006,0.001579512
7/5/2006,0.001593362
7/6/2006,0.001532226
7/7/2006,0.001415335
7/10/2006,0.001463438
7/11/2006,0.001455839
7/12/2006,0.001455839
7/13/2006,0.000927174
7/14/2006,0.000927292
7/17/2006,0.000931202
7/18/2006,0.000931912
7/19/2006,0.000929378
7/20/2006,0.000913035
7/21/2006,0.000878969
7/24/2006,0.001479563
7/25/2006,0.000819355
7/26/2006,0.001402341
7/27/2006,0.001389027
7/28/2006,0.001381145
7/31/2006,0.001346293
8/1/2006,0.001322789
8/2/2006,0.001346293
8/3/2006,0.001334255
8/4/2006,0.001356792
8/7/2006,0.001326864
8/8/2006,0.001351513
8/9/2006,0.001306376
8/10/2006,0.001384956
8/11/2006,0.001379938
8/14/2006,0.001391176
8/15/2006,0.001394844
8/16/2006,0.001375009
8/17/2006,0.001407199
8/18/2006,0.001377326
8/21/2006,0.001362127
8/22/2006,0.001368932
8/23/2006,0.001326329
8/24/2006,0.001319604
8/25/2006,0.001173882
8/28/2006,0.001286804
8/29/2006,0.001285167
8/30/2006,0.001265448
8/31/2006,0.001205143
9/1/2006,0.001258225
9/4/2006,0.001258225
9/5/2006,0.001257681
9/6/2006,0.001254242
9/7/2006,0.001201657
9/8/2006,0.001262032
9/11/2006,0.000887366
9/12/2006,0.00087422
9/13/2006,0.000862013
9/14/2006,0.000974995
9/15/2006,0.000853295
9/18/2006,0.000650472
9/19/2006,0.000776161
9/20/2006,0.001108071
9/21/2006,0.001008927
9/22/2006,0.001020471
9/25/2006,0.001000752
9/26/2006,0.000851387
9/27/2006,0.000843559
9/28/2006,0.00082384
9/29/2006,0.00082384
10/2/2006,0.000858379
10/3/2006,0.000858379
10/4/2006,0.001016133
10/5/2006,0.000880393
10/6/2006,0.00098273
10/9/2006,0.00098273
10/10/2006,0.00097911
10/11/2006,0.001025927
10/12/2006,0.001025927
10/13/2006,0.000982323
10/16/2006,0.001053388
10/17/2006,0.000990877
10/18/2006,0.000946772
10/19/2006,0.000999569
10/20/2006,0.001056363
10/23/2006,0.00108153
10/24/2006,0.001026451
10/25/2006,0.000984542
10/26/2006,0.000979824
10/27/2006,0.000968177
10/30/2006,0.000859719
10/31/2006,0.000856189
11/1/2006,0.000854908
11/2/2006,0.000507439
11/3/2006,0.000671667
11/6/2006,0.000671667
11/7/2006,0.000671667
11/8/2006,0.000671983
11/9/2006,0.000577034
11/10/2006,0.00065284
11/13/2006,0.000712715
11/14/2006,0.000752042
11/15/2006,0.000718717
11/16/2006,0.000686242
11/17/2006,0.000694668
11/20/2006,0.000698455
11/21/2006,0.000698415
11/22/2006,0.000658525
11/23/2006,0.000677657
11/24/2006,0.000686458
11/27/2006,0.000744436
11/28/2006,0.000766815
11/29/2006,0.000722061
11/30/2006,0.000722061
12/1/2006,0.00075635
12/4/2006,0.00075635
12/5/2006,0.000739206
12/6/2006,0.000739206
12/7/2006,0.000685317
12/8/2006,0.000660837
12/11/2006,0.000609004
12/12/2006,0.000676205
12/13/2006,0.000504634
12/14/2006,0.000663774
12/15/2006,0.000641076
12/18/2006,0.000527379
12/19/2006,0.000510309
12/20/2006,0.000547047
12/21/2006,0.000573897
12/22/2006,0.000588238
12/25/2006,0.000589873
12/26/2006,0.000589873
12/27/2006,0.000582515
12/28/2006,0.000582486
12/29/2006,0.000600215
1/1/2007,0.000620586
1/2/2007,0.000622017
1/3/2007,0.000573125
1/4/2007,0.000567523
1/5/2007,0.000561607
1/8/2007,0.000555047
1/9/2007,0.000539523
1/10/2007,0.000526333
1/11/2007,0.000529271
1/12/2007,0.000531156
1/15/2007,0.000528729
1/16/2007,0.000534451
1/17/2007,0.000526019
1/18/2007,0.000535308
1/19/2007,0.000537754
1/22/2007,0.000535713
1/23/2007,0.000609875
1/24/2007,0.000609875
1/25/2007,0.000581958
1/26/2007,0.000640556
1/29/2007,0.000606048
1/30/2007,0.000532208
1/31/2007,0.000565561
2/1/2007,0.000580155
2/2/2007,0.000579791
2/5/2007,0.000563481
2/6/2007,0.000508977
2/7/2007,0.000444863
2/8/2007,0.000485056
2/9/2007,0.000485056
2/12/2007,0.000485056
2/13/2007,0.000501722
2/14/2007,0.000433026
2/15/2007,0.000406111
2/16/2007,0.000397061
2/19/2007,0.00040297
2/20/2007,0.000404164
2/21/2007,0.000426823
2/22/2007,0.000392162
2/23/2007,0.00040123
2/26/2007,0.000411993
2/27/2007,0.000437011
2/28/2007,0.000509169
3/1/2007,0.00049039
3/2/2007,0.000597446
3/5/2007,0.000816667
3/6/2007,0.000723799
3/7/2007,0.000726116
3/8/2007,0.000666758
3/9/2007,0.000596333
3/12/2007,0.000596333
3/13/2007,0.000596333
3/14/2007,0.000676667
3/15/2007,0.000609009
3/16/2007,0.000631333
3/19/2007,0.000652016
3/20/2007,0.000540888
3/21/2007,0.000518808
3/22/2007,0.000512868
3/23/2007,0.000517836
3/26/2007,0.000521198
3/27/2007,0.000526166
3/28/2007,0.00055251
3/29/2007,0.000542144
3/30/2007,0.00057325
4/2/2007,0.00061543
4/3/2007,0.000632981
4/4/2007,0.000664114
4/5/2007,0.00069307
4/6/2007,0.00069307
4/9/2007,0.000638919
4/10/2007,0.000720419
4/11/2007,0.00072205
4/12/2007,0.000624007
4/13/2007,0.000703221
4/16/2007,0.00069187
4/17/2007,0.000687708
4/18/2007,0.000675898
4/19/2007,0.000708837
4/20/2007,0.00070225
4/23/2007,0.000975
4/24/2007,0.000690457
4/25/2007,0.000921111
4/26/2007,0.000921111
4/27/2007,0.000729871
4/30/2007,0.000742852
5/1/2007,0.000724255
5/2/2007,0.000708573
5/3/2007,0.000702563
5/4/2007,0.000745359
5/7/2007,0.000833026
5/8/2007,0.000936201
5/9/2007,0.000976391
5/10/2007,0.000966239
5/11/2007,0.000980353
5/14/2007,0.000969344
5/15/2007,0.001015251
5/16/2007,0.001021911
5/17/2007,0.001021106
5/18/2007,0.001023859
5/21/2007,0.001025401
5/22/2007,0.001025034
5/23/2007,0.000999324
5/24/2007,0.000988795
5/25/2007,0.00101543
5/28/2007,0.00101543
5/29/2007,0.001042462
5/30/2007,0.001047696
5/31/2007,0.001043408
6/1/2007,0.001025993
6/4/2007,0.001029856
6/5/2007,0.000893609
6/6/2007,0.000917902
6/7/2007,0.000904711
6/8/2007,0.000870999
6/11/2007,0.000840259
6/12/2007,0.000839741
6/13/2007,0.000826695
6/14/2007,0.00081506
6/15/2007,0.000812046
6/18/2007,0.000805571
6/19/2007,0.000802661
6/20/2007,0.000841878
6/21/2007,0.000866076
6/22/2007,0.000962744
6/25/2007,0.001112383
6/26/2007,0.001000272
6/27/2007,0.000992379
6/28/2007,0.000973677
6/29/2007,0.000892577
7/2/2007,0.000847128
7/3/2007,0.000890773
7/4/2007,0.000894467
7/5/2007,0.000860915
7/6/2007,0.000853383
7/9/2007,0.000853
7/10/2007,0.000807659
7/11/2007,0.000767443
7/12/2007,0.000797532
7/13/2007,0.000804202
7/16/2007,0.000849212
7/17/2007,0.000867221
7/18/2007,0.000858319
7/19/2007,0.000892484
7/20/2007,0.000893193
7/23/2007,0.001178124
7/24/2007,0.00122128
7/25/2007,0.001222393
7/26/2007,0.00139259
7/27/2007,0.001514631
7/30/2007,0.001520521
7/31/2007,0.001476154
8/1/2007,0.001293489
8/2/2007,0.001267752
8/3/2007,0.00126907
8/6/2007,0.001287742
8/7/2007,0.001230969
8/8/2007,0.000852223
8/9/2007,0.001042759
8/10/2007,0.001137527
8/13/2007,0.00117922
8/14/2007,0.001183157
8/15/2007,0.001183026
8/16/2007,0.001185548
8/17/2007,0.001070872
8/20/2007,0.001039437
8/21/2007,0.001017271
8/22/2007,0.001012432
8/23/2007,0.001045427
8/24/2007,0.001063482
8/27/2007,0.001076037
8/28/2007,0.001165213
8/29/2007,0.001171597
8/30/2007,0.001192392
8/31/2007,0.001177412
9/3/2007,0.00117204
9/4/2007,0.001182616
9/5/2007,0.001178111
9/6/2007,0.001171913
9/7/2007,0.001236735
9/10/2007,0.001239565
9/11/2007,0.00123013
9/12/2007,0.001170901
9/13/2007,0.001163728
9/14/2007,0.001279151
9/17/2007,0.001331308
9/18/2007,0.001002061
9/19/2007,0.001021299
9/20/2007,0.001053088
9/21/2007,0.000839463
9/24/2007,0.000869311
9/25/2007,0.000858613
9/26/2007,0.000861317
9/27/2007,0.000851988
9/28/2007,0.000867676
10/1/2007,0.000828719
10/2/2007,0.000812709
10/3/2007,0.000776658
10/4/2007,0.000788743
10/5/2007,0.000777242
10/8/2007,0.000781313
10/9/2007,0.000794969
10/10/2007,0.000867235
10/11/2007,0.000804147
10/12/2007,0.000843734
10/15/2007,0.000783697
10/16/2007,0.000774383
10/17/2007,0.000798453
10/18/2007,0.000833759
10/19/2007,0.000902858
10/22/2007,0.001035214
10/23/2007,0.001039734
10/24/2007,0.001035954
10/25/2007,0.001040391
10/26/2007,0.001038615
10/29/2007,0.001043779
10/30/2007,0.001052648
10/31/2007,0.001059135
11/1/2007,0.001152941
11/2/2007,0.001068859
11/5/2007,0.001150143
11/6/2007,0.00114609
11/7/2007,0.001135868
11/8/2007,0.001128866
11/9/2007,0.001144404
11/12/2007,0.001138977
11/13/2007,0.001867222
11/14/2007,0.001867222
11/15/2007,0.001202099
11/16/2007,0.001190593
11/19/2007,0.001334417
11/20/2007,0.001990722
11/21/2007,0.0022565
11/22/2007,0.0022565
11/23/2007,0.0022565
11/26/2007,0.002234944
11/27/2007,0.002213991
11/28/2007,0.002193629
11/29/2007,0.002194645
11/30/2007,0.002135766
12/3/2007,0.002127123
12/4/2007,0.002150402
12/5/2007,0.002149626
12/6/2007,0.002166315
12/7/2007,0.002087728
12/10/2007,0.002368285
12/11/2007,0.002423632
12/12/2007,0.002392989
12/13/2007,0.002418775
12/14/2007,0.002402201
12/17/2007,0.00245207
12/18/2007,0.002465311
12/19/2007,0.003254444
12/20/2007,0.002573047
12/21/2007,0.002578257
12/24/2007,0.002576852
12/25/2007,0.002576852
12/26/2007,0.002577805
12/27/2007,0.002577805
12/28/2007,0.002581945
12/31/2007,0.002566181
1/1/2008,0.002566181
1/2/2008,0.00254871
1/3/2008,0.002846139
1/4/2008,0.002877844
1/7/2008,0.002926326
1/8/2008,0.003401268
1/9/2008,0.00337494
1/10/2008,0.003449711
1/11/2008,0.003480478
1/14/2008,0.003503631
1/15/2008,0.003526564
1/16/2008,0.003496132
1/17/2008,0.003416158
1/18/2008,0.003578276
1/21/2008,0.003433094
1/22/2008,0.003382997
1/23/2008,0.005708889
1/24/2008,0.003345849
1/25/2008,0.003311648
1/28/2008,0.003244906
1/29/2008,0.003156684
1/30/2008,0.003231233
1/31/2008,0.003002916
2/1/2008,0.003150327
2/4/2008,0.003148562
2/5/2008,0.003209724
2/6/2008,0.006075706
2/7/2008,0.006676917
2/8/2008,0.003871419
2/11/2008,0.003734462
2/12/2008,0.003899572
2/13/2008,0.004172201
2/14/2008,0.004204987
2/15/2008,0.004214175
2/18/2008,0.004214175
2/19/2008,0.004621022
2/20/2008,0.004777619
2/21/2008,0.004839105
2/22/2008,0.004811776
2/25/2008,0.009088333
2/26/2008,0.008672833
2/27/2008,0.008686204
2/28/2008,0.008622278
2/29/2008,0.008311663
3/3/2008,0.008130636
3/4/2008,0.008174803
3/5/2008,0.008268419
3/6/2008,0.008359558
3/7/2008,0.009019944
3/10/2008,0.009299833
3/11/2008,0.008688935
3/12/2008,0.00866971
3/13/2008,0.008597188
3/14/2008,0.008647282
3/17/2008,0.008893626
3/18/2008,0.008828863
3/19/2008,0.008762655
3/20/2008,0.008764771
3/21/2008,0.008764771
3/24/2008,0.008285977
3/25/2008,0.007982176
3/26/2008,0.007796129
3/27/2008,0.00765217
3/28/2008,0.007523171
3/31/2008,0.007470662
4/1/2008,0.007161927
4/2/2008,0.006694977
4/3/2008,0.006656571
4/4/2008,0.005877448
4/7/2008,0.005626564
4/8/2008,0.005683882
4/9/2008,0.005779236
4/10/2008,0.005846041
4/11/2008,0.005917133
4/14/2008,0.00591614
4/15/2008,0.005760544
4/16/2008,0.005384891
4/17/2008,0.005309655
4/18/2008,0.002789275
4/21/2008,0.002752632
4/22/2008,0.002735383
4/23/2008,0.002766133
4/24/2008,0.002766559
4/25/2008,0.0026249
4/28/2008,0.002465157
4/29/2008,0.003124889
4/30/2008,0.002884568
5/1/2008,0.002839399
5/2/2008,0.002813313
5/5/2008,0.003909344
5/6/2008,0.003963233
5/7/2008,0.004036629
5/8/2008,0.004036629
5/9/2008,0.003159961
5/12/2008,0.003238569
5/13/2008,0.003302271
5/14/2008,0.003202257
5/15/2008,0.003117185
5/16/2008,0.003762222
5/19/2008,0.002953157
5/20/2008,0.003015841
5/21/2008,0.003862778
5/22/2008,0.003862778
5/23/2008,0.003031026
5/26/2008,0.002980652
5/27/2008,0.003041091
5/28/2008,0.003009394
5/29/2008,0.002984387
5/30/2008,0.002972671
6/2/2008,0.003080588
6/3/2008,0.003309173
6/4/2008,0.003487361
6/5/2008,0.003514988
6/6/2008,0.003603924
6/9/2008,0.003641373
6/10/2008,0.004882778
6/11/2008,0.004888333
6/12/2008,0.004942778
6/13/2008,0.005159936
6/16/2008,0.005158511
6/17/2008,0.004665067
6/18/2008,0.004839054
6/19/2008,0.004990156
6/20/2008,0.004871645
6/23/2008,0.004814464
6/24/2008,0.004819133
6/25/2008,0.004952222
6/26/2008,0.005201617
6/27/2008,0.005108113
6/30/2008,0.005160196
7/1/2008,0.005150196
7/2/2008,0.005160196
7/3/2008,0.005162775
7/4/2008,0.005182841
7/7/2008,0.005104174
7/8/2008,0.005033479
7/9/2008,0.004939363
7/10/2008,0.005180862
7/11/2008,0.005343822
7/14/2008,0.005343822
7/15/2008,0.005289933
7/16/2008,0.005128267
7/17/2008,0.005096894
7/18/2008,0.004894117
7/21/2008,0.004894117
7/22/2008,0.00466417
7/23/2008,0.004267781
7/24/2008,0.004378137
7/25/2008,0.004146669
7/28/2008,0.004064841
7/29/2008,0.003917391
7/30/2008,0.003713154
7/31/2008,0.003568441
8/1/2008,0.003556336
8/4/2008,0.003650889
8/5/2008,0.003792435
8/6/2008,0.003812003
8/7/2008,0.004663072
8/8/2008,0.004831372
8/11/2008,0.004844142
8/12/2008,0.004934967
8/13/2008,0.005251044
8/14/2008,0.005387972
8/15/2008,0.005215417
8/18/2008,0.005383051
8/19/2008,0.005738543
8/20/2008,0.005649635
8/21/2008,0.006606792
8/22/2008,0.007157744
8/25/2008,0.007157744
8/26/2008,0.006946878
8/27/2008,0.006928316
8/28/2008,0.007021943
8/29/2008,0.007045108
9/1/2008,0.007048173
9/2/2008,0.006824031
9/3/2008,0.006724804
9/4/2008,0.007249142
9/5/2008,0.007124864
9/8/2008,0.006869832
9/9/2008,0.007688494
9/10/2008,0.007182356
9/11/2008,0.007097098
9/12/2008,0.007994872
9/15/2008,0.008306527
9/16/2008,0.008689632
9/17/2008,0.008604233
9/18/2008,0.009287061
9/19/2008,0.009145998
9/22/2008,0.008295518
9/23/2008,0.008534706
9/24/2008,0.008566078
9/25/2008,0.00840416
9/26/2008,0.008607073
9/29/2008,0.008572939
9/30/2008,0.009298228
10/1/2008,0.009634367
10/2/2008,0.0101847
10/3/2008,0.01005642
10/6/2008,0.012107844
10/7/2008,0.012226689
10/8/2008,0.012494125
10/9/2008,0.013186514
10/10/2008,0.015154025
10/13/2008,0.017773645
10/14/2008,0.016722275
10/15/2008,0.016909096
10/16/2008,0.019048059
10/17/2008,0.019037818
10/20/2008,0.021095443
10/21/2008,0.017063626
10/22/2008,0.015093831
10/23/2008,0.020063333
10/24/2008,0.017939214
10/27/2008,0.017342193
10/28/2008,0.017443542
10/29/2008,0.017071374
10/30/2008,0.015992351
10/31/2008,0.016020214
11/3/2008,0.015234589
11/4/2008,0.013751591
11/5/2008,0.013807136
11/6/2008,0.012839238
11/7/2008,0.012687974
11/10/2008,0.012347173
11/11/2008,0.011678313
11/12/2008,0.01181946
11/13/2008,0.011391939
11/14/2008,0.011594648
11/17/2008,0.013391704
11/18/2008,0.013387382
11/19/2008,0.015736194
11/20/2008,0.01863671
11/21/2008,0.018911147
11/24/2008,0.018050801
11/25/2008,0.017303697
11/26/2008,0.016356739
11/27/2008,0.016352741
11/28/2008,0.015971954
12/1/2008,0.017787852
12/2/2008,0.018422902
12/3/2008,0.019974771
12/4/2008,0.019858167
12/5/2008,0.022500616
12/8/2008,0.022514753
12/9/2008,0.022746044
12/10/2008,0.024659277
12/11/2008,0.024611546
12/12/2008,0.024050917
12/15/2008,0.024089619
12/16/2008,0.023986534
12/17/2008,0.023888409
12/18/2008,0.023209238
12/19/2008,0.023470658
12/22/2008,0.024271674
12/23/2008,0.02410787
12/24/2008,0.025624013
12/25/2008,0.025624013
12/26/2008,0.025672171
12/29/2008,0.025811668
12/30/2008,0.024354796
12/31/2008,0.023471088
1/1/2009,0.023471088
1/2/2009,0.023857524
1/5/2009,0.022962578
1/6/2009,0.018908331
1/7/2009,0.016923614
1/8/2009,0.017081756
1/9/2009,0.016983974
1/12/2009,0.017881891
1/13/2009,0.020507554
1/14/2009,0.022034098
1/15/2009,0.023397032
1/16/2009,0.022845394
1/19/2009,0.022845394
1/20/2009,0.022222295
1/21/2009,0.023018385
1/22/2009,0.023872642
1/23/2009,0.025497439
1/26/2009,0.025058325
1/27/2009,0.023451568
1/28/2009,0.022314551
1/29/2009,0.020644255
1/30/2009,0.019504877
2/2/2009,0.020158062
2/3/2009,0.021212218
2/4/2009,0.019764124
2/5/2009,0.01861032
2/6/2009,0.016440623
2/9/2009,0.014305738
2/10/2009,0.013349644
2/11/2009,0.013186702
2/12/2009,0.014233487
2/13/2009,0.013678768
2/16/2009,0.013678768
2/17/2009,0.011153833
2/18/2009,0.012809166
2/19/2009,0.015730375
2/20/2009,0.016192611
2/23/2009,0.017007496
2/24/2009,0.017129992
2/25/2009,0.017176316
2/26/2009,0.014721963
2/27/2009,0.015229588
3/2/2009,0.017336842
3/3/2009,0.017397521
3/4/2009,0.015866141
3/5/2009,0.016326512
3/6/2009,0.016046307
3/9/2009,0.017336842
3/10/2009,0.017416242
3/11/2009,0.016073248
3/12/2009,0.015383008
3/13/2009,0.01480606
3/16/2009,0.013675828
3/17/2009,0.013178689
3/18/2009,0.013805444
3/19/2009,0.011770078
3/20/2009,0.011188716
3/23/2009,0.010660018
3/24/2009,0.010808879
3/25/2009,0.010546579
3/26/2009,0.010022862
3/27/2009,0.010706929
3/30/2009,0.010906842
3/31/2009,0.01052987
4/1/2009,0.010490579
4/2/2009,0.010629158
4/3/2009,0.009746623
4/6/2009,0.009511987
4/7/2009,0.009668099
4/8/2009,0.009878137
4/9/2009,0.009577283
4/10/2009,0.009577283
4/13/2009,0.009372612
4/14/2009,0.008564195
4/15/2009,0.008565483
4/16/2009,0.007778097
4/17/2009,0.007483254
4/20/2009,0.009595
4/21/2009,0.009306322
4/22/2009,0.0089225
4/23/2009,0.007435099
4/24/2009,0.007344695
4/27/2009,0.007310452
4/28/2009,0.006763203
4/29/2009,0.006854401
4/30/2009,0.006595233
5/1/2009,0.006716436
5/4/2009,0.006611497
5/5/2009,0.006429011
5/6/2009,0.00615228
5/7/2009,0.005749953
5/8/2009,0.005969453
5/11/2009,0.005823595
5/12/2009,0.005461096
5/13/2009,0.005551774
5/14/2009,0.005613989
5/15/2009,0.005889477
5/18/2009,0.005889477
5/19/2009,0.006040794
5/20/2009,0.005991461
5/21/2009,0.005985987
5/22/2009,0.006057064
5/25/2009,0.006057064
5/26/2009,0.004778099
5/27/2009,0.004760909
5/28/2009,0.004941456
5/29/2009,0.004280763
6/1/2009,0.004211088
6/2/2009,0.004103219
6/3/2009,0.004261089
6/4/2009,0.004546868
6/5/2009,0.004928344
6/8/2009,0.003944444
6/9/2009,0.003940965
6/10/2009,0.004061137
6/11/2009,0.004139565
6/12/2009,0.004005846
6/15/2009,0.003318889
6/16/2009,0.003474914
6/17/2009,0.003922634
6/18/2009,0.003947529
6/19/2009,0.003985202
6/22/2009,0.003981529
6/23/2009,0.003821878
6/24/2009,0.003823265
6/25/2009,0.003847983
6/26/2009,0.003939589
6/29/2009,0.003849713
6/30/2009,0.003849713
7/1/2009,0.003744673
7/2/2009,0.003895074
7/3/2009,0.003895074
7/6/2009,0.004046353
7/7/2009,0.004313214
7/8/2009,0.0054925
7/9/2009,0.005382471
7/10/2009,0.005730619
7/13/2009,0.004070979
7/14/2009,0.004105634
7/15/2009,0.003914756
7/16/2009,0.004094887
7/17/2009,0.003805827
7/20/2009,0.003527813
7/21/2009,0.003649504
7/22/2009,0.003623137
7/23/2009,0.00342503
7/24/2009,0.003420044
7/27/2009,0.003397894
7/28/2009,0.003419123
7/29/2009,0.003416046
7/30/2009,0.003292472
7/31/2009,0.003354434
8/3/2009,0.003254485
8/4/2009,0.003282094
8/5/2009,0.00330683
8/6/2009,0.003162588
8/7/2009,0.003355303
8/10/2009,0.003256651
8/11/2009,0.003312972
8/12/2009,0.00528105
8/13/2009,0.003324021
8/14/2009,0.003396963
8/17/2009,0.003490617
8/18/2009,0.003668222
8/19/2009,0.003681036
8/20/2009,0.003678463
8/21/2009,0.003566971
8/24/2009,0.003587889
8/25/2009,0.003582641
8/26/2009,0.003727089
8/27/2009,0.003620582
8/28/2009,0.003601996
8/31/2009,0.003604425
9/1/2009,0.003580559
9/2/2009,0.003674098
9/3/2009,0.003562863
9/4/2009,0.003517993
9/7/2009,0.003517993
9/8/2009,0.003567089
9/9/2009,0.005002778
9/10/2009,0.004993579
9/11/2009,0.004976375
9/14/2009,0.003516269
9/15/2009,0.003513153
9/16/2009,0.003186079
9/17/2009,0.003379769
9/18/2009,0.00335553
9/21/2009,0.003430979
9/22/2009,0.003343115
9/23/2009,0.00251779
9/24/2009,0.003377531
9/25/2009,0.003347796
9/28/2009,0.002517093
9/29/2009,0.003600647
9/30/2009,0.003579642
10/1/2009,0.003800139
10/2/2009,0.003238791
10/5/2009,0.003180706
10/6/2009,0.003314185
10/7/2009,0.003749608
10/8/2009,0.00372961
10/9/2009,0.003346252
10/12/2009,0.003346252
10/13/2009,0.003692825
10/14/2009,0.003876217
10/15/2009,0.003692058
10/16/2009,0.00347335
10/19/2009,0.003478589
10/20/2009,0.003478867
10/21/2009,0.003478483
10/22/2009,0.003550175
10/23/2009,0.003577467
10/26/2009,0.003490058
10/27/2009,0.004090745
10/28/2009,0.004206772
10/29/2009,0.003799872
10/30/2009,0.004099972
11/2/2009,0.003792145
11/3/2009,0.003786873
11/4/2009,0.003404651
11/5/2009,0.003280556
11/6/2009,0.003215833
11/9/2009,0.004095128
11/10/2009,0.004057611
11/11/2009,0.004057611
11/12/2009,0.004059431
11/13/2009,0.003772778
11/16/2009,0.003774475
11/17/2009,0.003429253
11/18/2009,0.003442424
11/19/2009,0.003443217
11/20/2009,0.003536471
11/23/2009,0.003510782
11/24/2009,0.003503586
11/25/2009,0.003441667
11/26/2009,0.003277778
11/27/2009,0.003409994
11/30/2009,0.003344235
12/1/2009,0.003463548
12/2/2009,0.003442269
12/3/2009,0.003447884
12/4/2009,0.003427992
12/7/2009,0.003428481
12/8/2009,0.003522152
12/9/2009,0.00338168
12/10/2009,0.003158565
12/11/2009,0.003208547
12/14/2009,0.002905152
12/15/2009,0.002840514
12/16/2009,0.002821257
12/17/2009,0.002846331
12/18/2009,0.002974354
12/21/2009,0.002935756
12/22/2009,0.001691444
12/23/2009,0.00173085
12/24/2009,0.00157
12/25/2009,0.00157
12/28/2009,0.001538667
12/29/2009,0.00152669
12/30/2009,0.001520014
12/31/2009,0.001476179
1/1/2010,0.001476179
1/4/2010,0.002600683
1/5/2010,0.002508936
1/6/2010,0.002078418
1/7/2010,0.002085761
1/8/2010,0.002072665
1/11/2010,0.001892134
1/12/2010,0.001561761
1/13/2010,0.002169961
1/14/2010,0.002187928
1/15/2010,0.002248638
1/18/2010,0.002248528
1/19/2010,0.002349894
1/20/2010,0.0019175
1/21/2010,0.001856056
1/22/2010,0.002003696
1/25/2010,0.00265078
1/26/2010,0.002077778
1/27/2010,0.002161495
1/28/2010,0.002118555
1/29/2010,0.002122083
2/1/2010,0.002725302
2/2/2010,0.002347601
2/3/2010,0.002290657
2/4/2010,0.002675978
2/5/2010,0.00268029
2/8/2010,0.002734556
2/9/2010,0.002591153
2/10/2010,0.002792819
2/11/2010,0.002826742
2/12/2010,0.003037408
2/15/2010,0.003037408
2/16/2010,0.003203469
2/17/2010,0.00318401
2/18/2010,0.003072168
2/19/2010,0.002889783
2/22/2010,0.002884893
2/23/2010,0.002883451
2/24/2010,0.00296304
2/25/2010,0.002915609
2/26/2010,0.002905587
3/1/2010,0.002863077
3/2/2010,0.002842615
3/3/2010,0.002862235
3/4/2010,0.002913424
3/5/2010,0.002912643
3/8/2010,0.002896228
3/9/2010,0.002844945
3/10/2010,0.002844968
3/11/2010,0.002896735
3/12/2010,0.002810019
3/15/2010,0.002866428
3/16/2010,0.002923906
3/17/2010,0.00290326
3/18/2010,0.00297996
3/19/2010,0.002971792
3/22/2010,0.003648796
3/23/2010,0.003966023
3/24/2010,0.003734786
3/25/2010,0.003684319
3/26/2010,0.003050671
3/29/2010,0.003087303
3/30/2010,0.003916944
3/31/2010,0.003694002
4/1/2010,0.004026227
4/2/2010,0.004025312
4/5/2010,0.003188735
4/6/2010,0.004176309
4/7/2010,0.00410301
4/8/2010,0.00436558
4/9/2010,0.004439596
4/12/2010,0.003438223
4/13/2010,0.004332914
4/14/2010,0.00371472
4/15/2010,0.00441837
4/16/2010,0.004310342
4/19/2010,0.004727967
4/20/2010,0.004175684
4/21/2010,0.004426122
4/22/2010,0.005044076
4/23/2010,0.003109967
4/26/2010,0.003130246
4/27/2010,0.004282068
4/28/2010,0.003303007
4/29/2010,0.004420462
4/30/2010,0.004648733
5/3/2010,0.004617994
5/4/2010,0.004941346
5/5/2010,0.005031487
5/6/2010,0.004576713
5/7/2010,0.005030179
5/10/2010,0.004561464
5/11/2010,0.005607892
5/12/2010,0.004120845
5/13/2010,0.004101627
5/14/2010,0.005616956
5/17/2010,0.005623029
5/18/2010,0.005583679
5/19/2010,0.009198024
5/20/2010,0.01000678
5/21/2010,0.009820278
5/24/2010,0.005755813
5/25/2010,0.006091027
5/26/2010,0.009872222
5/27/2010,0.009888889
5/28/2010,0.007387413
5/31/2010,0.007387413
6/1/2010,0.006076225
6/2/2010,0.006903772
6/3/2010,0.006394887
6/4/2010,0.007674428
6/7/2010,0.007727145
6/8/2010,0.007910703
6/9/2010,0.010018783
6/10/2010,0.011299255
6/11/2010,0.007848146
6/14/2010,0.007873721
6/15/2010,0.0070103
6/16/2010,0.007007494
6/17/2010,0.008697449
6/18/2010,0.008421133
6/21/2010,0.006343939
6/22/2010,0.008010441
6/23/2010,0.007935406
6/24/2010,0.008099386
6/25/2010,0.008052334
6/28/2010,0.008056822
6/29/2010,0.008250889
6/30/2010,0.008335171
7/1/2010,0.007907045
7/2/2010,0.00790313
7/5/2010,0.007903349
7/6/2010,0.008493436
7/7/2010,0.007411434
7/8/2010,0.005652442
7/9/2010,0.006316138
7/12/2010,0.010544318
7/13/2010,0.006715749
7/14/2010,0.006760117
7/15/2010,0.007659387
7/16/2010,0.008365351
7/19/2010,0.009182715
7/20/2010,0.006814207
7/21/2010,0.005560162
7/22/2010,0.005006396
7/23/2010,0.005720872
7/26/2010,0.005427283
7/27/2010,0.004838971
7/28/2010,0.004934667
7/29/2010,0.004452302
7/30/2010,0.004154672
8/2/2010,0.003971228
8/3/2010,0.003790785
8/4/2010,0.003626827
8/5/2010,0.003626613
8/6/2010,0.003626688
8/9/2010,0.004111967
8/10/2010,0.003444861
8/11/2010,0.003595246
8/12/2010,0.003650789
8/13/2010,0.003616986
8/16/2010,0.00366562
8/17/2010,0.003583583
8/18/2010,0.003932877
8/19/2010,0.003681671
8/20/2010,0.003119237
8/23/2010,0.003200267
8/24/2010,0.003720592
8/25/2010,0.003311768
8/26/2010,0.003312421
8/27/2010,0.003020912
8/30/2010,0.003021315
8/31/2010,0.003053969
9/1/2010,0.003040256
9/2/2010,0.003773886
9/3/2010,0.004156594
9/6/2010,0.004156556
9/7/2010,0.004182935
9/8/2010,0.004382641
9/9/2010,0.004581664
9/10/2010,0.00460641
9/13/2010,0.003685905
9/14/2010,0.00356493
9/15/2010,0.003564514
9/16/2010,0.003668519
9/17/2010,0.003799337
9/20/2010,0.003752439
9/21/2010,0.003784519
9/22/2010,0.003892785
9/23/2010,0.00402603
9/24/2010,0.003897876
9/27/2010,0.003897885
9/28/2010,0.004119315
9/29/2010,0.004119264
9/30/2010,0.00389942
10/1/2010,0.003985507
10/4/2010,0.003559928
10/5/2010,0.003130263
10/6/2010,0.002941308
10/7/2010,0.00297834
10/8/2010,0.002973526
10/11/2010,0.002927941
10/12/2010,0.002918609
10/13/2010,0.002700302
10/14/2010,0.002658859
10/15/2010,0.002987924
10/18/2010,0.00297991
10/19/2010,0.002980031
10/20/2010,0.002996845
10/21/2010,0.002336504
10/22/2010,0.002483264
10/25/2010,0.002302918
10/26/2010,0.002346183
10/27/2010,0.002327946
10/28/2010,0.002289528
10/29/2010,0.002208596
11/1/2010,0.002189043
11/2/2010,0.002171746
11/3/2010,0.002127623
11/4/2010,0.002269517
11/5/2010,0.002263481
11/8/2010,0.001944698
11/9/2010,0.001863798
11/10/2010,0.002137771
11/11/2010,0.002145717
11/12/2010,0.00209567
11/15/2010,0.001729688
11/16/2010,0.002387131
11/17/2010,0.002112774
11/18/2010,0.002113441
11/19/2010,0.002425853
11/22/2010,0.002425862
11/23/2010,0.002329491
11/24/2010,0.00232821
11/25/2010,0.002328095
11/26/2010,0.002162679
11/29/2010,0.002346726
11/30/2010,0.002400687
12/1/2010,0.002318306
12/2/2010,0.001851685
12/3/2010,0.001701566
12/6/2010,0.002055787
12/7/2010,0.00213271
12/8/2010,0.001838572
12/9/2010,0.001855278
12/10/2010,0.002020403
12/13/2010,0.001867966
12/14/2010,0.00173771
12/15/2010,0.001698121
12/16/2010,0.001699213
12/17/2010,0.001657763
12/20/2010,0.001976765
12/21/2010,0.002229449
12/22/2010,0.002175024
12/23/2010,0.002175027
12/24/2010,0.00217503
12/27/2010,0.002175039
12/28/2010,0.002146449
12/29/2010,0.00227177
12/30/2010,0.002406305
12/31/2010,0.002279722
1/3/2011,0.002144426
1/4/2011,0.001761377
1/5/2011,0.001760925
1/6/2011,0.00179896
1/7/2011,0.001799468
1/10/2011,0.002197575
1/11/2011,0.001865994
1/12/2011,0.002010118
1/13/2011,0.002079797
1/14/2011,0.002064498
1/17/2011,0.00206526
1/18/2011,0.001861832
1/19/2011,0.002251704
1/20/2011,0.002283205
1/21/2011,0.002474728
1/24/2011,0.002128759
1/25/2011,0.002214068
1/26/2011,0.002012242
1/27/2011,0.002764657
1/28/2011,0.003982689
1/31/2011,0.003384818
2/1/2011,0.002627602
2/2/2011,0.002745678
2/3/2011,0.002903473
2/4/2011,0.002747542
2/7/2011,0.003006681
2/8/2011,0.002670828
2/9/2011,0.002611665
2/10/2011,0.002598567
2/11/2011,0.001697514
2/14/2011,0.001897751
2/15/2011,0.002443777
2/16/2011,0.00201757
2/17/2011,0.002291894
2/18/2011,0.002173581
2/21/2011,0.002173702
2/22/2011,0.002310693
2/23/2011,0.002579293
2/24/2011,0.002666307
2/25/2011,0.002572592
2/28/2011,0.002076468
3/1/2011,0.002063117
3/2/2011,0.002192339
3/3/2011,0.001993074
3/4/2011,0.001992228
3/7/2011,0.00224228
3/8/2011,0.002234407
3/9/2011,0.002290369
3/10/2011,0.002204296
3/11/2011,0.002226627
3/14/2011,0.002227128
3/15/2011,0.002215989
3/16/2011,0.002522782
3/17/2011,0.002642823
3/18/2011,0.001786047
3/21/2011,0.001998832
3/22/2011,0.002111476
3/23/2011,0.002103457
3/24/2011,0.002123089
3/25/2011,0.002057832
3/28/2011,0.002631066
3/29/2011,0.002272672
3/30/2011,0.002217131
3/31/2011,0.002217959
4/1/2011,0.002218076
4/4/2011,0.002210828
4/5/2011,0.001966895
4/6/2011,0.001815203
4/7/2011,0.001741874
4/8/2011,0.001736262
4/11/2011,0.001743867
4/12/2011,0.001744926
4/13/2011,0.001944098
4/14/2011,0.002421421
4/15/2011,0.002689808
4/18/2011,0.002340654
4/19/2011,0.002501092
4/20/2011,0.002349598
4/21/2011,0.002349607
4/22/2011,0.002349721
4/25/2011,0.002349308
4/26/2011,0.002545251
4/27/2011,0.00249091
4/28/2011,0.002490712
4/29/2011,0.002238301
5/2/2011,0.002073119
5/3/2011,0.002166835
5/4/2011,0.002191163
5/5/2011,0.002570128
5/6/2011,0.002494971
5/9/2011,0.002509222
5/10/2011,0.002576407
5/11/2011,0.002576241
5/12/2011,0.002383383
5/13/2011,0.002310074
5/16/2011,0.002277936
5/17/2011,0.002367865
5/18/2011,0.002521864
5/19/2011,0.002381934
5/20/2011,0.002382311
5/23/2011,0.002304642
5/24/2011,0.002456629
5/25/2011,0.002270277
5/26/2011,0.002456256
5/27/2011,0.00235679
5/30/2011,0.002356765
5/31/2011,0.002429949
6/1/2011,0.002400251
6/2/2011,0.002197256
6/3/2011,0.002421447
6/6/2011,0.002218852
6/7/2011,0.002218844
6/8/2011,0.002474023
6/9/2011,0.002271616
6/10/2011,0.00248184
6/13/2011,0.002439215
6/14/2011,0.002417845
6/15/2011,0.00248057
6/16/2011,0.00216455
6/17/2011,0.00216203
6/20/2011,0.002227145
6/21/2011,0.002399145
6/22/2011,0.002281107
6/23/2011,0.002379552
6/24/2011,0.002451297
6/27/2011,0.002513956
6/28/2011,0.002603871
6/29/2011,0.00237799
6/30/2011,0.002216561
7/1/2011,0.002021047
7/4/2011,0.002021401
7/5/2011,0.002027285
7/6/2011,0.001965448
7/7/2011,0.001988634
7/8/2011,0.001913779
7/11/2011,0.002087857
7/12/2011,0.001945404
7/13/2011,0.002051606
7/14/2011,0.001857527
7/15/2011,0.002011203
7/18/2011,0.00201072
7/19/2011,0.002066837
7/20/2011,0.00205458
7/21/2011,0.002097562
7/22/2011,0.002107202
7/25/2011,0.002248097
7/26/2011,0.001908252
7/27/2011,0.00231994
7/28/2011,0.002347812
7/29/2011,0.002349022
8/1/2011,0.002282239
8/2/2011,0.002214036
8/3/2011,0.002178413
8/4/2011,0.002323386
8/5/2011,0.002473085
8/8/2011,0.002725273
8/9/2011,0.002685352
8/10/2011,0.003072889
8/11/2011,0.003469591
8/12/2011,0.002847754
8/15/2011,0.002516378
8/16/2011,0.002461148
8/17/2011,0.002640777
8/18/2011,0.002978267
8/19/2011,0.003239654
8/22/2011,0.00335418
8/23/2011,0.003716356
8/24/2011,0.003926233
8/25/2011,0.003617793
8/26/2011,0.003498417
8/29/2011,0.003772442
8/30/2011,0.003383488
8/31/2011,0.003245949
9/1/2011,0.003220933
9/2/2011,0.003225498
9/5/2011,0.003225416
9/6/2011,0.003729764
9/7/2011,0.003635105
9/8/2011,0.003497778
9/9/2011,0.004097166
9/12/2011,0.004323364
9/13/2011,0.004746925
9/14/2011,0.004762199
9/15/2011,0.004719154
9/16/2011,0.004415183
9/19/2011,0.004729612
9/20/2011,0.004807406
9/21/2011,0.0050158
9/22/2011,0.005866633
9/23/2011,0.006902787
9/26/2011,0.006457121
9/27/2011,0.005231278
9/28/2011,0.005639523
9/29/2011,0.005925553
9/30/2011,0.005689975
10/3/2011,0.00630858
10/4/2011,0.006371031
10/5/2011,0.006586858
10/6/2011,0.005825755
10/7/2011,0.005947364
10/10/2011,0.005947883
10/11/2011,0.006367761
10/12/2011,0.005766533
10/13/2011,0.005758735
10/14/2011,0.005541301
10/17/2011,0.005529529
10/18/2011,0.005916907
10/19/2011,0.00570304
10/20/2011,0.005325709
10/21/2011,0.005178212
10/24/2011,0.005079362
10/25/2011,0.00517203
10/26/2011,0.005227599
10/27/2011,0.004632289
10/28/2011,0.004641668
10/31/2011,0.004687171
11/1/2011,0.004759294
11/2/2011,0.00486113
11/3/2011,0.004668259
11/4/2011,0.004714219
11/7/2011,0.004723421
11/8/2011,0.004890645
11/9/2011,0.004865318
11/10/2011,0.004933342
11/11/2011,0.004933693
11/14/2011,0.00505265
11/15/2011,0.005085793
11/16/2011,0.005036185
11/17/2011,0.004824019
11/18/2011,0.004845286
11/21/2011,0.004919261
11/22/2011,0.005594322
11/23/2011,0.006051842
11/24/2011,0.006052034
11/25/2011,0.006402827
11/28/2011,0.005715124
11/29/2011,0.005511547
11/30/2011,0.00549119
12/1/2011,0.005611542
12/2/2011,0.005342209
12/5/2011,0.005350155
12/6/2011,0.005343543
12/7/2011,0.005313352
12/8/2011,0.005432624
12/9/2011,0.00545516
12/12/2011,0.005367514
12/13/2011,0.005138695
12/14/2011,0.005303355
12/15/2011,0.005162803
12/16/2011,0.005466885
12/19/2011,0.005690281
12/20/2011,0.005308768
12/21/2011,0.005255813
12/22/2011,0.005321351
12/23/2011,0.005323435
12/26/2011,0.005323435
12/27/2011,0.005134036
12/28/2011,0.004688671
12/29/2011,0.004821494
12/30/2011,0.005169538
1/2/2012,0.004986414
1/3/2012,0.004559776
1/4/2012,0.004534153
1/5/2012,0.004649881
1/6/2012,0.004276879
1/9/2012,0.004307525
1/10/2012,0.004298877
1/11/2012,0.004278232
1/12/2012,0.004162354
1/13/2012,0.004221051
1/16/2012,0.004221016
1/17/2012,0.004358008
1/18/2012,0.004226658
1/19/2012,0.004583068
1/20/2012,0.004503125
1/23/2012,0.004728253
1/24/2012,0.004497351
1/25/2012,0.004231272
1/26/2012,0.004158511
1/27/2012,0.004109627
1/30/2012,0.004093261
1/31/2012,0.004120276
2/1/2012,0.00411872
2/2/2012,0.004210465
2/3/2012,0.003923771
2/6/2012,0.004027444
2/7/2012,0.003760803
2/8/2012,0.003779946
2/9/2012,0.003720152
2/10/2012,0.003946561
2/13/2012,0.003913781
2/14/2012,0.003985397
2/15/2012,0.003728756
2/16/2012,0.0040871
2/17/2012,0.004148056
2/20/2012,0.004148098
2/21/2012,0.004117581
2/22/2012,0.004090275
2/23/2012,0.004050083
2/24/2012,0.004050051
2/27/2012,0.003925633
2/28/2012,0.003687931
2/29/2012,0.003610147
3/1/2012,0.003505666
3/2/2012,0.003548773
3/5/2012,0.00389162
3/6/2012,0.003975163
3/7/2012,0.003819264
3/8/2012,0.004114342
3/9/2012,0.003947895
3/12/2012,0.003968632
3/13/2012,0.003954585
3/14/2012,0.00371861
3/15/2012,0.003657919
3/16/2012,0.003775613
3/19/2012,0.004055902
3/20/2012,0.004195974
3/21/2012,0.00372718
3/22/2012,0.003920924
3/23/2012,0.00397255
3/26/2012,0.003963775
3/27/2012,0.003946145
3/28/2012,0.003953695
3/29/2012,0.004131883
3/30/2012,0.004182455
4/2/2012,0.00420939
4/3/2012,0.004240783
4/4/2012,0.004556643
4/5/2012,0.005166472
4/6/2012,0.004894061
4/9/2012,0.004843486
4/10/2012,0.00531669
4/11/2012,0.00536719
4/12/2012,0.005360277
4/13/2012,0.00534289
4/16/2012,0.005403229
4/17/2012,0.005200278
4/18/2012,0.005089832
4/19/2012,0.00526665
4/20/2012,0.005272203
4/23/2012,0.005604177
4/24/2012,0.005539077
4/25/2012,0.005013055
4/26/2012,0.004937346
4/27/2012,0.005102583
4/30/2012,0.005185649
5/1/2012,0.005256964
5/2/2012,0.005305552
5/3/2012,0.005141564
5/4/2012,0.005322043
5/7/2012,0.005361866
5/8/2012,0.005063889
5/9/2012,0.005650209
5/10/2012,0.005615502
5/11/2012,0.005619322
5/14/2012,0.005868608
5/15/2012,0.005719402
5/16/2012,0.005951026
5/17/2012,0.005787359
5/18/2012,0.005939231
5/21/2012,0.005930725
5/22/2012,0.005365737
5/23/2012,0.005486294
5/24/2012,0.005500955
5/25/2012,0.005524629
5/28/2012,0.005524645
5/29/2012,0.005183059
5/30/2012,0.005089573
5/31/2012,0.004864005
6/1/2012,0.005142612
6/4/2012,0.005311871
6/5/2012,0.005230425
6/6/2012,0.005465661
6/7/2012,0.005456406
6/8/2012,0.005520768
6/11/2012,0.005408723
6/12/2012,0.005312856
6/13/2012,0.005378572
6/14/2012,0.005011053
6/15/2012,0.005145971
6/18/2012,0.005173729
6/19/2012,0.005089575
6/20/2012,0.004971007
6/21/2012,0.004823238
6/22/2012,0.004800423
6/25/2012,0.004869912
6/26/2012,0.00531406
6/27/2012,0.005095642
6/28/2012,0.005068999
6/29/2012,0.004808741
7/2/2012,0.00469185
7/3/2012,0.004708675
7/4/2012,0.004708622
7/5/2012,0.00457519
7/6/2012,0.004575161
7/9/2012,0.004686318
7/10/2012,0.004683718
7/11/2012,0.004862208
7/12/2012,0.004831918
7/13/2012,0.004765906
7/16/2012,0.005016476
7/17/2012,0.004687842
7/18/2012,0.004712013
7/19/2012,0.004563547
7/20/2012,0.004484209
7/23/2012,0.004546067
7/24/2012,0.004328105
7/25/2012,0.004246655
7/26/2012,0.004399013
7/27/2012,0.004253155
7/30/2012,0.004271326
7/31/2012,0.004214911
8/1/2012,0.004030981
8/2/2012,0.003868432
8/3/2012,0.003716652
8/6/2012,0.003512593
8/7/2012,0.003361189
8/8/2012,0.00339165
8/9/2012,0.003367201
8/10/2012,0.003369824
8/13/2012,0.003362789
8/14/2012,0.003404026
8/15/2012,0.003455259
8/16/2012,0.003385907
8/17/2012,0.003541226
8/20/2012,0.003683645
8/21/2012,0.003247019
8/22/2012,0.003245323
8/23/2012,0.00324747
8/24/2012,0.003263014
8/27/2012,0.00347382
8/28/2012,0.003502493
8/29/2012,0.003436859
8/30/2012,0.003436438
8/31/2012,0.003441085
9/3/2012,0.003441121
9/4/2012,0.003401938
9/5/2012,0.003365143
9/6/2012,0.002916211
9/7/2012,0.002803797
9/10/2012,0.00283897
9/11/2012,0.002426905
9/12/2012,0.002316951
9/13/2012,0.002346122
9/14/2012,0.001802271
9/17/2012,0.0020387
9/18/2012,0.002059678
9/19/2012,0.001923732
9/20/2012,0.001977846
9/21/2012,0.002090043
9/24/2012,0.001969634
9/25/2012,0.002095844
9/26/2012,0.002842679
9/27/2012,0.002671345
9/28/2012,0.002942185
10/1/2012,0.002747273
10/2/2012,0.002721105
10/3/2012,0.002472797
10/4/2012,0.00226549
10/5/2012,0.002101867
10/8/2012,0.002101913
10/9/2012,0.002010911
10/10/2012,0.001920863
10/11/2012,0.002062362
10/12/2012,0.001993554
10/15/2012,0.002228299
10/16/2012,0.001865845
10/17/2012,0.001608396
10/18/2012,0.001602214
10/19/2012,0.00181952
10/22/2012,0.002180455
10/23/2012,0.002441651
10/24/2012,0.002459403
10/25/2012,0.002441751
10/26/2012,0.002495972
10/29/2012,0.002391145
10/30/2012,0.002461195
10/31/2012,0.002492369
11/1/2012,0.002427625
11/2/2012,0.002311454
11/5/2012,0.002146298
11/6/2012,0.00233741
11/7/2012,0.002348905
11/8/2012,0.002396531
11/9/2012,0.002559267
11/12/2012,0.002686207
11/13/2012,0.002711956
11/14/2012,0.002624566
11/15/2012,0.002952839
11/16/2012,0.00333695
11/19/2012,0.003184224
11/20/2012,0.002918936
11/21/2012,0.003101371
11/22/2012,0.003101266
11/23/2012,0.002968515
11/26/2012,0.003302317
11/27/2012,0.003104186
11/28/2012,0.003043833
11/29/2012,0.003092194
11/30/2012,0.003134332
12/3/2012,0.003108962
12/4/2012,0.003105659
12/5/2012,0.00312362
12/6/2012,0.003198546
12/7/2012,0.003057352
12/10/2012,0.003332809
12/11/2012,0.003007708
12/12/2012,0.002944006
12/13/2012,0.002797983
12/14/2012,0.002797787
12/17/2012,0.00260234
12/18/2012,0.00230958
12/19/2012,0.002378509
12/20/2012,0.002356635
12/21/2012,0.002780112
12/24/2012,0.002781443
12/25/2012,0.002781331
12/26/2012,0.002962949
12/27/2012,0.002999566
12/28/2012,0.002698814
12/31/2012,0.003146924
1/1/2013,0.003147293
1/2/2013,0.002472884
1/3/2013,0.002426926
1/4/2013,0.002442481
1/7/2013,0.002445307
1/8/2013,0.002459807
1/9/2013,0.002632497
1/10/2013,0.002328757
1/11/2013,0.002548084
1/14/2013,0.002590239
1/15/2013,0.002423734
1/16/2013,0.002360008
1/17/2013,0.002421207
1/18/2013,0.002431418
1/21/2013,0.002431427
1/22/2013,0.002463572
1/23/2013,0.002472361
1/24/2013,0.002471118
1/25/2013,0.002462335
1/28/2013,0.002330836
1/29/2013,0.002661348
1/30/2013,0.002688619
1/31/2013,0.002566142
2/1/2013,0.00247768
2/4/2013,0.002568384
2/5/2013,0.002508579
2/6/2013,0.002576377
2/7/2013,0.002578749
2/8/2013,0.00262855
2/11/2013,0.002622681
2/12/2013,0.002656005
2/13/2013,0.002483243
2/14/2013,0.002459579
2/15/2013,0.003063447
2/18/2013,0.003063322
2/19/2013,0.002845859
2/20/2013,0.002758353
2/21/2013,0.002736667
2/22/2013,0.002673913
2/25/2013,0.002881932
2/26/2013,0.002768982
2/27/2013,0.002684975
2/28/2013,0.002727113
3/1/2013,0.003038443
3/4/2013,0.003071803
3/5/2013,0.003516618
3/6/2013,0.003257386
3/7/2013,0.003086844
3/8/2013,0.003283498
3/11/2013,0.003254587
3/12/2013,0.00323967
3/13/2013,0.003416201
3/14/2013,0.003194751
3/15/2013,0.003346881
3/18/2013,0.003697677
3/19/2013,0.004072047
3/20/2013,0.003174547
3/21/2013,0.0033553
3/22/2013,0.003428039
3/25/2013,0.003469059
3/26/2013,0.00365439
3/27/2013,0.003734753
3/28/2013,0.003777258
3/29/2013,0.003777374
4/1/2013,0.003852396
4/2/2013,0.004073487
4/3/2013,0.003107476
4/4/2013,0.002911731
4/5/2013,0.002993638
4/8/2013,0.002942918
4/9/2013,0.003462777
4/10/2013,0.00269825
4/11/2013,0.003251418
4/12/2013,0.003311632
4/15/2013,0.002728503
4/16/2013,0.002612117
4/17/2013,0.00277748
4/18/2013,0.00255336
4/19/2013,0.002633133
4/22/2013,0.002546205
4/23/2013,0.002633444
4/24/2013,0.002643871
4/25/2013,0.002552583
4/26/2013,0.002544183
4/29/2013,0.002385619
4/30/2013,0.002529656
5/1/2013,0.002392869
5/2/2013,0.002450127
5/3/2013,0.002716473
5/6/2013,0.002071104
5/7/2013,0.002254288
5/8/2013,0.002269145
5/9/2013,0.002054086
5/10/2013,0.001928976
5/13/2013,0.001812885
5/14/2013,0.001647947
5/15/2013,0.001400153
5/16/2013,0.00147096
5/17/2013,0.001673511
5/20/2013,0.00151656
5/21/2013,0.001413539
5/22/2013,0.001363033
5/23/2013,0.001441873
5/24/2013,0.001420159
5/27/2013,0.001497972
5/28/2013,0.001245328
5/29/2013,0.001200452
5/30/2013,0.001256033
5/31/2013,0.001270606
6/3/2013,0.001298781
6/4/2013,0.001470795
6/5/2013,0.001625296
6/6/2013,0.001626795
6/7/2013,0.001679577
6/10/2013,0.001690986
6/11/2013,0.001751776
6/12/2013,0.001547655
6/13/2013,0.001664376
6/14/2013,0.001592267
6/17/2013,0.001567263
6/18/2013,0.001555844
6/19/2013,0.0016349
6/20/2013,0.002006671
6/21/2013,0.002030646
6/24/2013,0.002064364
6/25/2013,0.002140728
6/26/2013,0.00214775
6/27/2013,0.002032724
6/28/2013,0.002341507
7/1/2013,0.002338795
7/2/2013,0.002517941
7/3/2013,0.002593293
7/4/2013,0.002593262
7/5/2013,0.002555699
7/8/2013,0.002694349
7/9/2013,0.00266568
7/10/2013,0.002661699
7/11/2013,0.002563953
7/12/2013,0.002427862
7/15/2013,0.002493129
7/16/2013,0.002288935
7/17/2013,0.002172159
7/18/2013,0.002149997
7/19/2013,0.002103795
7/22/2013,0.002003494
7/23/2013,0.001972557
7/24/2013,0.002035706
7/25/2013,0.002088423
7/26/2013,0.002152989
7/29/2013,0.002061712
7/30/2013,0.002380526
7/31/2013,0.002286332
8/1/2013,0.002109621
8/2/2013,0.00177462
8/5/2013,0.001872431
8/6/2013,0.001754882
8/7/2013,0.002002958
8/8/2013,0.001998884
8/9/2013,0.002015049
8/12/2013,0.001991363
8/13/2013,0.001991044
8/14/2013,0.002065604
8/15/2013,0.002330834
8/16/2013,0.00252756
8/19/2013,0.002772315
8/20/2013,0.003041373
8/21/2013,0.002967455
8/22/2013,0.003047577
8/23/2013,0.003197191
8/26/2013,0.002902283
8/27/2013,0.002579476
8/28/2013,0.002991228
8/29/2013,0.003012104
8/30/2013,0.002027262
9/2/2013,0.002195685
9/3/2013,0.001943959
9/4/2013,0.001972719
9/5/2013,0.001939996
9/6/2013,0.00195159
9/9/2013,0.00195676
9/10/2013,0.001923168
9/11/2013,0.001780282
9/12/2013,0.001743486
9/13/2013,0.001823547
9/16/2013,0.001733184
9/17/2013,0.001640295
9/18/2013,0.001651107
9/19/2013,0.001524583
9/20/2013,0.001784938
9/23/2013,0.001847112
9/24/2013,0.001834
9/25/2013,0.001783454
9/26/2013,0.002089693
9/27/2013,0.001952759
9/30/2013,0.001932621
10/1/2013,0.001922338
10/2/2013,0.001918848
10/3/2013,0.00188705
10/4/2013,0.001855737
10/7/2013,0.001859146
10/8/2013,0.002004759
10/9/2013,0.002048646
10/10/2013,0.00210535
10/11/2013,0.002077366
10/14/2013,0.002073742
10/15/2013,0.00183132
10/16/2013,0.001955614
10/17/2013,0.001970206
10/18/2013,0.001732509
10/21/2013,0.001897668
10/22/2013,0.00180251
10/23/2013,0.001847432
10/24/2013,0.001775602
10/25/2013,0.0017934
10/28/2013,0.001615675
10/29/2013,0.001685077
10/30/2013,0.001723185
10/31/2013,0.001543965
11/1/2013,0.001543757
11/4/2013,0.001568391
11/5/2013,0.001561771
11/6/2013,0.001705277
11/7/2013,0.001541941
11/8/2013,0.001570785
11/11/2013,0.00157081
11/12/2013,0.001723784
11/13/2013,0.001561249
11/14/2013,0.00146975
11/15/2013,0.001393374
11/18/2013,0.001416213
11/19/2013,0.001446389
11/20/2013,0.001629103
11/21/2013,0.001315552
11/22/2013,0.001372497
11/25/2013,0.001207937
11/26/2013,0.001152791
11/27/2013,0.001148613
11/28/2013,0.001148514
11/29/2013,0.001093021
12/2/2013,0.001072909
12/3/2013,0.001136677
12/4/2013,0.001107567
12/5/2013,0.001136748
12/6/2013,0.001141111
12/9/2013,0.001142887
12/10/2013,0.001060262
12/11/2013,0.001106242
12/12/2013,0.001100193
12/13/2013,0.001077838
12/16/2013,0.000988526
12/17/2013,0.001043221
12/18/2013,0.001048102
12/19/2013,0.00100372
12/20/2013,0.001070888
12/23/2013,0.001064036
12/24/2013,0.001063984
12/25/2013,0.001064085
12/26/2013,0.001033845
12/27/2013,0.00105299
12/30/2013,0.001092998
12/31/2013,0.001100195
1/1/2014,0.001105887
1/2/2014,0.001104925
1/3/2014,0.001134976
1/6/2014,0.001131512
1/7/2014,0.001104091
1/8/2014,0.001174014
1/9/2014,0.001221183
1/10/2014,0.001253573
1/13/2014,0.001299
1/14/2014,0.001460956
1/15/2014,0.001454926
1/16/2014,0.001534711
1/17/2014,0.001536949
1/20/2014,0.001536965
1/21/2014,0.001511108
1/22/2014,0.001511788
1/23/2014,0.001365425
1/24/2014,0.001462047
1/27/2014,0.001683045
1/28/2014,0.001731529
1/29/2014,0.001929833
1/30/2014,0.001997375
1/31/2014,0.002016192
2/3/2014,0.00186789
2/4/2014,0.001790171
2/5/2014,0.001983395
2/6/2014,0.001785742
2/7/2014,0.001922547
2/10/2014,0.00195439
2/11/2014,0.001872175
2/12/2014,0.001784236
2/13/2014,0.001898756
2/14/2014,0.001691163
2/17/2014,0.001691141
2/18/2014,0.00171372
2/19/2014,0.001625151
2/20/2014,0.001669949
2/21/2014,0.001698014
2/24/2014,0.001743962
2/25/2014,0.001737785
2/26/2014,0.001713522
2/27/2014,0.001735774
2/28/2014,0.001681123
3/3/2014,0.001694995
3/4/2014,0.001579798
3/5/2014,0.001439944
3/6/2014,0.001447053
3/7/2014,0.001288465
3/10/2014,0.001413043
3/11/2014,0.001384028
3/12/2014,0.001529246
3/13/2014,0.001690843
3/14/2014,0.001771475
3/17/2014,0.001775182
3/18/2014,0.001687349
3/19/2014,0.001484365
3/20/2014,0.001498969
3/21/2014,0.001560372
3/24/2014,0.001934323
3/25/2014,0.002043043
3/26/2014,0.001953887
3/27/2014,0.001933218
3/28/2014,0.001938742
3/31/2014,0.001609958
4/1/2014,0.001510371
4/2/2014,0.001474923
4/3/2014,0.001354498
4/4/2014,0.001325804
4/7/2014,0.001318306
4/8/2014,0.001325389
4/9/2014,0.001292994
4/10/2014,0.00127461
4/11/2014,0.001398211
4/14/2014,0.001385681
4/15/2014,0.001317267
4/16/2014,0.001263177
4/17/2014,0.001348576
4/18/2014,0.00134863
4/21/2014,0.001186959
4/22/2014,0.001181133
4/23/2014,0.00119809
4/24/2014,0.001170506
4/25/2014,0.001050977
4/28/2014,0.001041775
4/29/2014,0.001011387
4/30/2014,0.000975741
5/1/2014,0.000934363
5/2/2014,0.000903267
5/5/2014,0.000906589
5/6/2014,0.001038394
5/7/2014,0.000955942
5/8/2014,0.000976301
5/9/2014,0.000936901
5/12/2014,0.000781081
5/13/2014,0.000782663
5/14/2014,0.000758582
5/15/2014,0.000756946
5/16/2014,0.00080219
5/19/2014,0.000822261
5/20/2014,0.000852296
5/21/2014,0.000792308
5/22/2014,0.000732561
5/23/2014,0.000765371
5/26/2014,0.000765391
5/27/2014,0.000934516
5/28/2014,0.000934527
5/29/2014,0.00086357
5/30/2014,0.000835562
6/2/2014,0.00083377
6/3/2014,0.00072391
6/4/2014,0.000769563
6/5/2014,0.000731142
6/6/2014,0.000775977
6/9/2014,0.000753083
6/10/2014,0.000625232
6/11/2014,0.000679474
6/12/2014,0.00069525
6/13/2014,0.000689778
6/16/2014,0.000668047
6/17/2014,0.000667302
6/18/2014,0.000627888
6/19/2014,0.000622265
6/20/2014,0.000657938
6/23/2014,0.000614483
6/24/2014,0.000639887
6/25/2014,0.000646926
6/26/2014,0.000650412
6/27/2014,0.000671126
6/30/2014,0.000662009
7/1/2014,0.000716245
7/2/2014,0.000692851
7/3/2014,0.000553744
7/4/2014,0.000553688
7/7/2014,0.000603473
7/8/2014,0.00056391
7/9/2014,0.000595331
7/10/2014,0.000676436
7/11/2014,0.000692135
7/14/2014,0.000665522
7/15/2014,0.000664087
7/16/2014,0.000681837
7/17/2014,0.000743789
7/18/2014,0.000740327
7/21/2014,0.000725225
7/22/2014,0.001088951
7/23/2014,0.00100957
7/24/2014,0.00102823
7/25/2014,0.00105542
7/28/2014,0.001182233
7/29/2014,0.001208262
7/30/2014,0.001222528
7/31/2014,0.001513163
8/1/2014,0.00138242
8/4/2014,0.00122128
8/5/2014,0.001233258
8/6/2014,0.001406743
8/7/2014,0.001385937
8/8/2014,0.001475357
8/11/2014,0.001180757
8/12/2014,0.00114486
8/13/2014,0.00110289
8/14/2014,0.001198027
8/15/2014,0.001102869
8/18/2014,0.001508877
8/19/2014,0.000963825
8/20/2014,0.001388077
8/21/2014,0.001282157
8/22/2014,0.001280759
8/25/2014,0.001248062
8/26/2014,0.001357408
8/27/2014,0.001519626
8/28/2014,0.001512644
8/29/2014,0.001057923
9/1/2014,0.001058011
9/2/2014,0.001513859
9/3/2014,0.001036972
9/4/2014,0.001026785
9/5/2014,0.001047846
9/8/2014,0.001051507
9/9/2014,0.001142195
9/10/2014,0.001234744
9/11/2014,0.001232956
9/12/2014,0.001178662
9/15/2014,0.00145698
9/16/2014,0.001428959
9/17/2014,0.001215404
9/18/2014,0.001178259
