Date,Price
10/30/2017,69.51
10/27/2017,69.39
10/26/2017,67.6
10/25/2017,66.42
10/24/2017,66.29
10/23/2017,65.39
10/20/2017,64.9
10/19/2017,63.97
10/18/2017,64.97
10/17/2017,65.14
10/16/2017,64.97
10/13/2017,64.36
10/12/2017,63.17
10/11/2017,64.12
10/10/2017,63.63
10/9/2017,62.16
10/6/2017,61.86
10/5/2017,63.77
10/4/2017,62.39
10/3/2017,62.97
10/2/2017,63.29
9/29/2017,64.5
9/28/2017,64.13
9/27/2017,64.78
9/26/2017,64.25
9/25/2017,64.1
9/22/2017,62.07
9/21/2017,61.89
9/20/2017,61.78
9/19/2017,60.75
9/18/2017,61.05
9/15/2017,60.88
9/14/2017,60.88
9/13/2017,60.22
9/12/2017,58.66
9/11/2017,58.29
9/8/2017,57.62
9/7/2017,59.61
9/6/2017,60.12
9/5/2017,60.21
9/1/2017,58.56
8/31/2017,59.16
8/30/2017,57.98
8/29/2017,58.18
8/28/2017,58.18
8/25/2017,59.4
8/24/2017,59.16
8/23/2017,60.63
8/22/2017,59.86
8/21/2017,59.56
8/18/2017,60.98
8/17/2017,59.59
8/16/2017,59.46
8/15/2017,60.65
8/14/2017,60.47
8/11/2017,61.93
8/10/2017,61.81
8/9/2017,62.96
8/8/2017,62.33
8/7/2017,62.63
8/4/2017,62.76
8/3/2017,61.62
8/2/2017,62.22
8/1/2017,61.61
7/31/2017,62.65
7/28/2017,61.84
7/27/2017,61.41
7/26/2017,60.99
7/25/2017,59.74
7/24/2017,57.82
7/21/2017,57.24
7/20/2017,58.87
7/19/2017,59.36
7/18/2017,58.71
7/17/2017,58.35
7/14/2017,58.89
7/13/2017,58.69
7/12/2017,57.88
7/11/2017,58.23
7/10/2017,57.19
7/7/2017,56.88
7/6/2017,58.92
7/5/2017,58.6
7/3/2017,61.19
6/30/2017,59.81
6/29/2017,58.52
6/28/2017,58.38
6/27/2017,58.37
6/26/2017,57.45
6/23/2017,56.77
6/22/2017,56.31
6/21/2017,56.42
6/20/2017,57.37
6/19/2017,58.43
6/16/2017,59.2
6/15/2017,59.07
6/14/2017,59.1
6/13/2017,61.5
6/12/2017,62.05
6/9/2017,61.59
6/8/2017,61.62
6/7/2017,61.78
6/6/2017,64.84
6/5/2017,63.88
6/2/2017,64.28
6/1/2017,65.28
5/31/2017,65.3
5/30/2017,66.87
5/26/2017,67.05
5/25/2017,65.51
5/24/2017,68.84
5/23/2017,69.12
5/22/2017,68.53
5/19/2017,68.17
5/18/2017,67.11
5/17/2017,66.79
5/16/2017,66.12
5/15/2017,66.66
5/12/2017,65.66
5/11/2017,65.54
5/10/2017,64.65
5/9/2017,63.05
5/8/2017,63.66
5/5/2017,63.34
5/4/2017,62.53
5/3/2017,65.59
5/2/2017,65.44
5/1/2017,66.73
4/28/2017,67.35
4/27/2017,66.75
4/26/2017,67.53
4/25/2017,66.94
4/24/2017,66.06
4/21/2017,66.57
4/20/2017,67.77
4/19/2017,67.92
4/18/2017,70.19
4/17/2017,69.98
4/13/2017,70.66
4/12/2017,70.67
4/11/2017,71.16
4/10/2017,70.82
4/7/2017,70
4/6/2017,69.35
4/5/2017,68.66
4/4/2017,68.45
4/3/2017,67.27
3/31/2017,67.31
3/30/2017,66.94
3/29/2017,66.2
3/28/2017,64.66
3/27/2017,63.81
3/24/2017,63.27
3/23/2017,62.68
3/22/2017,63.13
3/21/2017,63.18
3/20/2017,64.39
3/17/2017,65.04
3/16/2017,64.98
3/15/2017,65.79
3/14/2017,64.36
3/13/2017,65.04
3/10/2017,65.31
3/9/2017,66.59
3/8/2017,67.85
3/7/2017,71.28
3/6/2017,71.41
3/3/2017,71.52
3/2/2017,70.46
3/1/2017,71.77
2/28/2017,71.71
2/27/2017,70.89
2/24/2017,70.07
2/23/2017,70.94
2/22/2017,70.28
2/21/2017,71.12
2/17/2017,70.01
2/16/2017,69.65
2/15/2017,69.51
2/14/2017,69.59
2/13/2017,69.23
2/10/2017,70.45
2/9/2017,69.51
2/8/2017,68.88
2/7/2017,68.74
2/6/2017,69.52
2/3/2017,69.99
2/2/2017,69.74
2/1/2017,70.56
1/31/2017,68.85
1/30/2017,68.93
1/27/2017,69.84
1/26/2017,70.42
1/25/2017,68.27
1/24/2017,69.01
1/23/2017,68.93
1/20/2017,70
1/19/2017,68.5
1/18/2017,67.53
1/17/2017,68.51
1/13/2017,68.74
1/12/2017,69.58
1/11/2017,68.91
1/10/2017,67.12
1/9/2017,68.64
1/6/2017,71.47
1/5/2017,71.09
1/4/2017,70.83
1/3/2017,70.27
12/30/2016,72.25
12/29/2016,72.66
12/28/2016,73.38
12/27/2016,73.08
12/23/2016,70.43
12/22/2016,70.1
12/21/2016,68.79
12/20/2016,69.82
12/19/2016,69.8
12/16/2016,69.25
12/15/2016,68
12/14/2016,67.09
12/13/2016,69.5
12/12/2016,69.32
12/9/2016,67.85
12/8/2016,67.21
12/7/2016,65.92
12/6/2016,67.65
12/5/2016,68.55
12/2/2016,68.66
12/1/2016,68.04
11/30/2016,66.29
11/29/2016,60.74
11/28/2016,63.11
11/25/2016,60.51
11/23/2016,62.92
11/22/2016,62.78
11/21/2016,63.74
11/18/2016,61.69
11/17/2016,61.21
11/16/2016,61.13
11/15/2016,61.7
11/14/2016,58.79
11/11/2016,58.61
11/10/2016,60.06
11/9/2016,60.75
11/8/2016,59.97
11/7/2016,60.08
11/4/2016,59.12
11/3/2016,59.82
11/2/2016,60.66
11/1/2016,62.45
10/31/2016,62.82
10/28/2016,65.18
10/27/2016,66.57
10/26/2016,65.72
10/25/2016,66.01
10/24/2016,67.11
10/21/2016,67.35
10/20/2016,66.56
10/19/2016,67.69
10/18/2016,65.92
10/17/2016,65.58
10/14/2016,66.23
10/13/2016,66.65
10/12/2016,66.44
10/11/2016,67.23
10/10/2016,67.67
10/7/2016,66.13
10/6/2016,66.62
10/5/2016,65.63
10/4/2016,64.3
10/3/2016,64.01
9/30/2016,63.28
9/29/2016,62.8
9/28/2016,62.19
9/27/2016,59.02
9/26/2016,60.66
9/23/2016,58.34
9/22/2016,60.27
9/21/2016,59.56
9/20/2016,57.5
9/19/2016,57.16
9/16/2016,56.87
9/15/2016,57.75
9/14/2016,57.5
9/13/2016,59.16
9/12/2016,60.52
9/9/2016,59.79
9/8/2016,61.54
9/7/2016,58.69
9/6/2016,57.57
9/2/2016,57.73
9/1/2016,56.57
8/31/2016,58.67
8/30/2016,60.57
8/29/2016,61.22
8/26/2016,61.78
8/25/2016,60.69
8/24/2016,60.07
8/23/2016,61.47
8/22/2016,60.92
8/19/2016,62.49
8/18/2016,61.65
8/17/2016,60.24
8/16/2016,59.86
8/15/2016,59.09
8/12/2016,57.59
8/11/2016,56.42
8/10/2016,54.41
8/9/2016,56.14
8/8/2016,56.6
8/5/2016,55.07
8/4/2016,54.53
8/3/2016,53.35
8/2/2016,51.81
8/1/2016,52.46
7/29/2016,54.37
7/28/2016,54.23
7/27/2016,55.39
7/26/2016,56.69
7/25/2016,55.99
7/22/2016,57.28
7/21/2016,57.41
7/20/2016,58.63
7/19/2016,58.19
7/18/2016,58.69
7/15/2016,59.61
7/14/2016,58.82
7/13/2016,58.03
7/12/2016,60.8
7/11/2016,58.77
7/8/2016,59.25
7/7/2016,58.66
7/6/2016,61.6
7/5/2016,60.31
7/1/2016,63.28
6/30/2016,62.73
6/29/2016,64.8
6/28/2016,62.58
6/27/2016,60.62
6/24/2016,60.85
6/23/2016,62.91
6/22/2016,61.96
6/21/2016,62.58
6/20/2016,63.22
6/17/2016,61.77
6/16/2016,59.92
6/15/2016,62.08
6/14/2016,62.34
6/13/2016,62.42
6/10/2016,62.56
6/9/2016,64.35
6/8/2016,65.1
6/7/2016,64.44
6/6/2016,63.82
6/3/2016,62.99
6/2/2016,64.32
6/1/2016,64.19
5/31/2016,64.31
5/27/2016,64.17
5/26/2016,64.29
5/25/2016,64.31
5/24/2016,63.25
5/23/2016,62.36
5/20/2016,62.7
5/19/2016,63.16
5/18/2016,62.24
5/17/2016,62.34
5/16/2016,61.5
5/13/2016,59.77
5/12/2016,59.9
5/11/2016,59.4
5/10/2016,57.84
5/9/2016,56.48
5/6/2016,57.73
5/5/2016,56.92
5/4/2016,56.36
5/3/2016,55.39
5/2/2016,56.09
4/29/2016,57.66
4/28/2016,57.76
4/27/2016,57.28
4/26/2016,55.62
4/25/2016,52.3
4/22/2016,54.27
4/21/2016,53.72
4/20/2016,53.82
4/19/2016,52.05
4/18/2016,50.93
4/15/2016,51.81
4/14/2016,53.27
4/13/2016,53.45
4/12/2016,53.95
4/11/2016,52.06
4/8/2016,51.6
4/7/2016,49.07
4/6/2016,49.46
4/5/2016,47.27
4/4/2016,46.55
4/1/2016,47.99
3/31/2016,49.75
3/30/2016,49.75
3/29/2016,50.18
3/28/2016,51.95
3/24/2016,50.26
3/23/2016,50.78
3/22/2016,52.15
3/21/2016,52.18
3/18/2016,51.36
3/17/2016,52.28
3/16/2016,51.29
3/15/2016,48.52
3/14/2016,49.4
3/11/2016,50.88
3/10/2016,50.66
3/9/2016,50.72
3/8/2016,48.86
3/7/2016,50.28
3/4/2016,47.87
3/3/2016,46.33
3/2/2016,46.6
3/1/2016,46.19
2/29/2016,45.67
2/26/2016,44.34
2/25/2016,43.65
2/24/2016,41.79
2/23/2016,41.44
2/22/2016,43.09
2/19/2016,40.88
2/18/2016,42.22
2/17/2016,41.98
2/16/2016,40.23
2/12/2016,40.73
2/11/2016,36.56
2/10/2016,38.29
2/9/2016,38.64
2/8/2016,41.29
2/5/2016,42.88
2/4/2016,43.54
2/3/2016,44.65
2/2/2016,41.91
2/1/2016,44.29
1/29/2016,47.18
1/28/2016,46.66
1/27/2016,45.41
1/26/2016,44.23
1/25/2016,40.42
1/22/2016,43.84
1/21/2016,40.42
1/20/2016,38.7
1/19/2016,41.33
1/15/2016,42.69
1/14/2016,44.83
1/13/2016,43.59
1/12/2016,43.5
1/11/2016,44.71
1/8/2016,46.8
1/7/2016,46.78
1/6/2016,47.87
1/5/2016,50.36
1/4/2016,51.32
12/31/2015,51.22
12/30/2015,50.83
12/29/2015,52.4
12/28/2015,51.17
12/24/2015,51.95
12/23/2015,51.1
12/22/2015,49.04
12/21/2015,48.56
12/18/2015,48.35
12/17/2015,48.77
12/16/2015,48.97
12/15/2015,51.18
12/14/2015,49.88
12/11/2015,48.96
12/10/2015,50.04
12/9/2015,50.54
12/8/2015,50.97
12/7/2015,50.91
12/4/2015,53.52
12/3/2015,54.95
12/2/2015,53.37
12/1/2015,55.98
11/30/2015,55.62
11/27/2015,55.73
11/25/2015,55.59
11/24/2015,54.91
11/23/2015,53.49
11/20/2015,53.85
11/19/2015,53.86
11/18/2015,54.44
11/17/2015,54.14
11/16/2015,55.68
11/13/2015,54.32
11/12/2015,55.56
11/11/2015,57.01
11/10/2015,58.57
11/9/2015,58.25
11/6/2015,58.95
11/5/2015,59.47
11/4/2015,61
11/3/2015,62.6
11/2/2015,60.44
10/30/2015,60.92
10/29/2015,60.62
10/28/2015,60.25
10/27/2015,57.27
10/26/2015,57.79
10/23/2015,57.49
10/22/2015,58.72
10/21/2015,58.55
10/20/2015,59.11
10/19/2015,59.68
10/16/2015,61.09
10/15/2015,59.64
10/14/2015,60.49
10/13/2015,60.68
10/12/2015,61.07
10/9/2015,64.16
10/8/2015,64.37
10/7/2015,62.38
10/6/2015,63.29
10/5/2015,60.6
10/2/2015,60.12
10/1/2015,59.35
9/30/2015,60.41
9/29/2015,60.85
9/28/2015,59.31
9/25/2015,60.9
9/24/2015,59.81
9/23/2015,59.2
9/22/2015,60.84
9/21/2015,61.87
9/18/2015,58.76
9/17/2015,61.88
9/16/2015,62.12
9/15/2015,59.13
9/14/2015,58.4
9/11/2015,59.14
9/10/2015,60.69
9/9/2015,58.39
9/8/2015,60.75
9/4/2015,61.05
9/3/2015,61.67
9/2/2015,61.37
9/1/2015,59.83
8/31/2015,65
8/28/2015,59.73
8/27/2015,56.17
8/26/2015,51.39
8/25/2015,52.1
8/24/2015,50.26
8/21/2015,52.96
8/20/2015,53.87
8/19/2015,53.73
8/18/2015,55.7
8/17/2015,54.78
8/14/2015,55.49
8/13/2015,55.21
8/12/2015,56.16
8/11/2015,56.56
8/10/2015,58.52
8/7/2015,57.64
8/6/2015,58.64
8/5/2015,59.54
8/4/2015,60.05
8/3/2015,59.41
7/31/2015,61.44
7/30/2015,63.1
7/29/2015,62.92
7/28/2015,62.05
7/27/2015,61.77
7/24/2015,62.81
7/23/2015,62.86
7/22/2015,63.61
7/21/2015,65.13
7/20/2015,65.15
7/17/2015,66.1
7/16/2015,65.93
7/15/2015,66.55
7/14/2015,67.59
7/13/2015,66.52
7/10/2015,67.07
7/9/2015,67.15
7/8/2015,65.86
7/7/2015,66.74
7/6/2015,66.32
7/2/2015,71.5
7/1/2015,71.56
6/30/2015,74.24
6/29/2015,72.28
6/26/2015,73.58
6/25/2015,73.53
6/24/2015,74.49
6/23/2015,74.97
6/22/2015,73.48
6/19/2015,73.2
6/18/2015,73.92
6/17/2015,73.8
6/16/2015,73.99
6/15/2015,73.25
6/12/2015,73.8
6/11/2015,74.88
6/10/2015,75.44
6/9/2015,74.16
6/8/2015,72.31
6/5/2015,73.8
6/4/2015,72.36
6/3/2015,74.27
6/2/2015,75.88
6/1/2015,75.56
5/29/2015,75.16
5/28/2015,71.88
5/27/2015,71.82
5/26/2015,72.14
5/22/2015,72.62
5/21/2015,73.15
5/20/2015,71.37
5/19/2015,70.01
5/18/2015,72.17
5/15/2015,71.8
5/14/2015,71.87
5/13/2015,72.22
5/12/2015,72.78
5/11/2015,71.72
5/8/2015,71.83
5/7/2015,71.62
5/6/2015,73.31
5/5/2015,72.71
5/4/2015,71.37
5/1/2015,72.05
4/30/2015,72.1
4/29/2015,70.14
4/28/2015,68.61
4/27/2015,68.97
4/24/2015,67.65
4/23/2015,68.66
4/22/2015,67.37
4/21/2015,67.86
4/20/2015,68.91
4/17/2015,68.27
4/16/2015,69.24
4/15/2015,69.71
4/14/2015,66.56
4/13/2015,65.38
4/10/2015,65.04
4/9/2015,63.84
4/8/2015,63.07
4/7/2015,67.41
4/6/2015,64.91
4/2/2015,61.83
4/1/2015,63.09
3/31/2015,60.35
3/30/2015,61.79
3/27/2015,61.47
3/26/2015,64.24
3/25/2015,60.9
3/24/2015,58.84
3/23/2015,58.62
3/20/2015,57.42
3/19/2015,56.04
3/18/2015,56.87
3/17/2015,55.49
3/16/2015,56.02
3/13/2015,57.33
3/12/2015,59.75
3/11/2015,61.53
3/10/2015,61.12
3/9/2015,62.99
3/6/2015,62.58
3/5/2015,63.43
3/4/2015,64.04
3/3/2015,62.95
3/2/2015,62.18
2/27/2015,62.24
2/26/2015,60.23
2/25/2015,62.67
2/24/2015,61.25
2/23/2015,61.11
2/20/2015,62.98
2/19/2015,63.92
2/18/2015,64.88
2/17/2015,66.36
2/13/2015,65.72
2/12/2015,63.97
2/11/2015,61.71
2/10/2015,62.81
2/9/2015,65.89
2/6/2015,64.7
2/5/2015,62.76
2/4/2015,60.86
2/3/2015,65.95
2/2/2015,62.36
1/30/2015,61.38
1/29/2015,56.33
1/28/2015,55.34
1/27/2015,57.37
1/26/2015,56.1
1/23/2015,56.07
1/22/2015,56.94
1/21/2015,58.46
1/20/2015,56.1
1/16/2015,58.33
1/15/2015,55.17
1/14/2015,58.03
1/13/2015,54.83
1/12/2015,54.99
1/9/2015,57.35
1/8/2015,57.66
1/7/2015,57.66
1/6/2015,56.62
1/5/2015,58.97
1/2/2015,61.87
12/31/2014,61.87
12/30/2014,62.8
12/29/2014,62.41
12/26/2014,63.61
12/24/2014,64.68
12/23/2014,66.07
12/22/2014,63.97
12/19/2014,65.7
12/18/2014,62.78
12/17/2014,65.56
12/16/2014,65.02
12/15/2014,65.09
12/12/2014,66.79
12/11/2014,69.12
12/10/2014,69.93
12/9/2014,72.98
12/8/2014,72.36
12/5/2014,75.26
12/4/2014,76.03
12/3/2014,76.61
12/2/2014,76.21
12/1/2014,78.21
11/28/2014,75.66
11/26/2014,82.8
11/25/2014,83.36
11/24/2014,85.56
11/21/2014,85.88
11/20/2014,85.4
11/19/2014,84.58
11/18/2014,84.33
11/17/2014,85.51
11/14/2014,85.61
11/13/2014,84.36
11/12/2014,87.18
11/11/2014,88.38
11/10/2014,87.83
11/7/2014,89.26
11/6/2014,89.14
11/5/2014,89.58
11/4/2014,87.97
11/3/2014,89.33
10/31/2014,90.83
10/30/2014,90.83
10/29/2014,91.6
10/28/2014,91.14
10/27/2014,91.08
10/24/2014,91.3
10/23/2014,92.48
10/22/2014,91.26
10/21/2014,92.88
10/20/2014,93.28
10/17/2014,93.11
10/16/2014,93.05
10/15/2014,92.3
10/14/2014,92.09
10/13/2014,96.07
10/10/2014,95.96
10/9/2014,95.74
10/8/2014,97.68
10/7/2014,99.27
10/6/2014,101.09
10/3/2014,101.02
10/2/2014,101.45
10/1/2014,101.46
9/30/2014,102.17
9/29/2014,105.41
9/26/2014,104.45
9/25/2014,104.78
9/24/2014,104.12
9/23/2014,102.58
9/22/2014,100.85
9/19/2014,101.4
9/18/2014,101.98
9/17/2014,103.26
9/16/2014,104.24
9/15/2014,102.63
9/12/2014,102.2
9/11/2014,102.46
9/10/2014,100.44
9/9/2014,102.12
9/8/2014,101.56
9/5/2014,101.56
9/4/2014,102.66
9/3/2014,103.89
9/2/2014,101.44
8/29/2014,104.25
8/28/2014,102.64
8/27/2014,102.24
8/26/2014,102.79
8/25/2014,104.41
8/22/2014,105.16
8/21/2014,105.48
8/20/2014,105.17
8/19/2014,103.41
8/18/2014,105
8/15/2014,106.15
8/14/2014,104.23
8/13/2014,106.58
8/12/2014,106.54
8/11/2014,107.1
8/8/2014,107.09
8/7/2014,106.36
8/6/2014,105.88
8/5/2014,106.74
8/4/2014,107.27
8/1/2014,106.82
7/31/2014,106.95
7/30/2014,109.4
7/29/2014,109.59
7/28/2014,109.83
7/25/2014,114.99
7/24/2014,113.19
7/23/2014,115.57
7/22/2014,112.18
7/21/2014,112.26
7/18/2014,110.74
7/17/2014,110.89
7/16/2014,108.73
7/15/2014,107.57
7/14/2014,108.08
7/11/2014,108.15
7/10/2014,109.72
7/9/2014,108.94
7/8/2014,110.39
7/7/2014,110.44
7/3/2014,110.56
7/2/2014,111.4
7/1/2014,112.08
6/30/2014,112.39
6/27/2014,112.79
6/26/2014,113.15
6/25/2014,115
6/24/2014,114.54
6/23/2014,114.65
6/20/2014,115.38
6/19/2014,115.18
6/18/2014,115.2
6/17/2014,115.45
6/16/2014,116
6/13/2014,116.16
6/12/2014,115.6
6/11/2014,113.45
6/10/2014,113.91
6/9/2014,113.94
6/6/2014,112.27
6/5/2014,112.08
6/4/2014,112.3
6/3/2014,112.04
6/2/2014,111.71
5/30/2014,111.45
5/29/2014,112.3
5/28/2014,111.72
5/27/2014,113.18
5/23/2014,114.07
5/22/2014,113.48
5/21/2014,114.36
5/20/2014,111.65
5/19/2014,111.52
5/16/2014,110.93
5/15/2014,110.44
5/14/2014,111.37
5/13/2014,110.9
5/12/2014,109.53
5/9/2014,108.96
5/8/2014,108.65
5/7/2014,109.85
5/6/2014,108.35
5/5/2014,109
5/2/2014,109.55
5/1/2014,108.95
4/30/2014,109.22
4/29/2014,111
4/28/2014,111.27
4/25/2014,111.39
4/24/2014,112.77
4/23/2014,112.22
4/22/2014,112.59
4/21/2014,114.96
4/17/2014,114.79
4/16/2014,114.16
4/15/2014,113.91
4/14/2014,114.05
4/11/2014,113.67
4/10/2014,112.88
4/9/2014,112.75
4/8/2014,112.02
4/7/2014,110.15
4/4/2014,111.11
4/3/2014,110.77
4/2/2014,109.85
4/1/2014,109.94
3/31/2014,112.13
3/28/2014,112.43
3/27/2014,112
3/26/2014,111.36
3/25/2014,111.22
3/24/2014,111.97
3/21/2014,111.95
3/20/2014,111.77
3/19/2014,112.01
3/18/2014,111
3/17/2014,108.42
3/14/2014,109.8
3/13/2014,108.64
3/12/2014,108.89
3/11/2014,111.05
3/10/2014,112.23
3/7/2014,113.77
3/6/2014,111.47
3/5/2014,112.09
3/4/2014,114.73
3/3/2014,116.46
2/28/2014,113.35
2/27/2014,114.02
2/26/2014,114.12
2/25/2014,113.18
2/24/2014,114.25
2/21/2014,114.02
2/20/2014,114.36
2/19/2014,114.37
2/18/2014,112.12
2/14/2014,110.05
2/13/2014,110.09
2/12/2014,110.26
2/11/2014,110.09
2/10/2014,110.49
2/7/2014,110.18
2/6/2014,108.23
2/5/2014,107.92
2/4/2014,107.56
2/3/2014,106.99
1/31/2014,108.31
1/30/2014,109.67
1/29/2014,108.58
1/28/2014,108.66
1/27/2014,106.21
1/24/2014,107.03
1/23/2014,108.67
1/22/2014,107.16
1/21/2014,104.19
1/17/2014,103.48
1/16/2014,102.64
1/15/2014,102.97
1/14/2014,101.24
1/13/2014,99.73
1/10/2014,101
1/9/2014,99.44
1/8/2014,99.78
1/7/2014,100.7
1/6/2014,99.49
1/3/2014,99.69
1/2/2014,101.55
12/31/2013,104.6
12/30/2013,105.73
12/27/2013,107.25
12/26/2013,105.97
12/24/2013,105.07
12/23/2013,104.71
12/20/2013,105.49
12/19/2013,105.38
12/18/2013,104.12
12/17/2013,103.17
12/16/2013,103.16
12/13/2013,102.45
12/12/2013,103.68
12/11/2013,103.3
12/10/2013,104.57
12/9/2013,103.55
12/6/2013,104.01
12/5/2013,103.64
12/4/2013,103.92
12/3/2013,102.4
12/2/2013,99.73
11/29/2013,98.52
11/27/2013,97.79
11/26/2013,98.85
11/25/2013,99.14
11/22/2013,99.59
11/21/2013,99.99
11/20/2013,97.54
11/19/2013,97.79
11/18/2013,97.04
11/15/2013,98.1
11/14/2013,98.2
11/13/2013,98.18
11/12/2013,97.57
11/11/2013,99.7
11/8/2013,99.24
11/7/2013,98.44
11/6/2013,98.82
11/5/2013,97.63
11/4/2013,98.63
11/1/2013,98.75
10/31/2013,100.51
10/30/2013,101.19
10/29/2013,102.82
10/28/2013,103.08
10/25/2013,101.93
10/24/2013,100.81
10/23/2013,99.98
10/22/2013,100.6
10/21/2013,102.17
10/18/2013,103.7
10/17/2013,103.6
10/16/2013,105.78
10/15/2013,104.99
10/14/2013,106
10/11/2013,105.88
10/10/2013,106.94
10/9/2013,105.6
10/8/2013,107.05
10/7/2013,106.25
10/4/2013,107.04
10/3/2013,106.64
10/2/2013,107.55
10/1/2013,105.43
9/30/2013,105.36
9/27/2013,106.02
9/26/2013,106.33
9/25/2013,105.86
9/24/2013,106.22
9/23/2013,106.56
9/20/2013,107.71
9/19/2013,109.02
9/18/2013,111.4
9/17/2013,108.56
9/16/2013,110.04
9/13/2013,111.89
9/12/2013,112.12
9/11/2013,111.12
9/10/2013,111.12
9/9/2013,113.56
9/6/2013,114.95
9/5/2013,113.83
9/4/2013,112.49
9/3/2013,114.42
8/30/2013,113.33
8/29/2013,114.51
8/28/2013,115.49
8/27/2013,114.41
8/26/2013,111.35
8/23/2013,112.06
8/22/2013,110.53
8/21/2013,108.45
8/20/2013,108.94
8/19/2013,110.73
8/16/2013,111.19
8/15/2013,110.85
8/14/2013,110.34
8/13/2013,110.46
8/12/2013,109.31
8/9/2013,108.99
8/8/2013,106.58
8/7/2013,108.69
8/6/2013,109.24
8/5/2013,110.45
8/2/2013,111.05
8/1/2013,111.61
7/31/2013,108.05
7/30/2013,106.13
7/29/2013,107.35
7/26/2013,107.66
7/25/2013,108.53
7/24/2013,108.5
7/23/2013,110.34
7/22/2013,110.38
7/19/2013,111.91
7/18/2013,112.28
7/17/2013,110.8
7/16/2013,110.01
7/15/2013,110.82
7/12/2013,110.04
7/11/2013,109.02
7/10/2013,111.94
7/9/2013,109
7/8/2013,109.06
7/5/2013,109.28
7/3/2013,106.47
7/2/2013,104.89
7/1/2013,102.8
6/28/2013,101.65
6/27/2013,101.71
6/26/2013,100.02
6/25/2013,100.07
6/24/2013,100.03
6/21/2013,97.76
6/20/2013,98.82
6/19/2013,100.16
6/18/2013,100.42
6/17/2013,99.6
6/14/2013,99.53
6/13/2013,98.35
6/12/2013,97.66
6/11/2013,97.2
6/10/2013,97.65
6/7/2013,98.17
6/6/2013,97.09
6/5/2013,96.98
6/4/2013,96.59
6/3/2013,96.14
5/31/2013,95.24
5/30/2013,96.5
5/29/2013,96.51
5/28/2013,98.63
5/24/2013,96.99
5/23/2013,96.86
5/22/2013,97.39
5/21/2013,98.53
5/20/2013,99.16
5/17/2013,98.62
5/16/2013,96.73
5/15/2013,95.98
5/14/2013,95.59
5/13/2013,96.15
5/10/2013,97.18
5/9/2013,96.6
5/8/2013,96.85
5/7/2013,96.1
5/6/2013,96.88
5/3/2013,96.37
5/2/2013,94.74
5/1/2013,91.81
4/30/2013,94.15
4/29/2013,95.8
4/26/2013,94.56
4/25/2013,95.15
4/24/2013,93.56
4/23/2013,91.17
4/22/2013,91.13
4/19/2013,90.36
4/18/2013,89.96
4/17/2013,89.03
4/16/2013,90.69
4/15/2013,90.61
4/12/2013,92.5
4/11/2013,94.47
4/10/2013,96.05
4/9/2013,95.74
4/8/2013,95.19
4/5/2013,94.34
4/4/2013,94.48
4/3/2013,95.72
4/2/2013,98.59
4/1/2013,98.67
3/28/2013,98.83
3/27/2013,98.18
3/26/2013,98.02
3/25/2013,96.58
3/22/2013,95.46
3/21/2013,94.39
3/20/2013,95.31
3/19/2013,94.73
3/18/2013,95.86
3/15/2013,95.24
3/14/2013,95.13
3/13/2013,95.05
3/12/2013,94.96
3/11/2013,94.42
3/8/2013,94.55
3/7/2013,94.22
3/6/2013,93.29
3/5/2013,93.33
3/4/2013,92.82
3/1/2013,93.23
2/28/2013,94.76
2/27/2013,95.09
2/26/2013,95.19
2/25/2013,95.17
2/22/2013,94.85
2/21/2013,94.23
2/20/2013,96.07
2/19/2013,97.89
2/15/2013,96.56
2/14/2013,97.51
2/13/2013,97.17
2/12/2013,97.75
2/11/2013,97.65
2/8/2013,96.03
2/7/2013,95.71
2/6/2013,96.31
2/5/2013,96.38
2/4/2013,96.06
2/1/2013,97.62
1/31/2013,97.22
1/30/2013,98.15
1/29/2013,97.88
1/28/2013,97.06
1/25/2013,96.22
1/24/2013,95.44
1/23/2013,94.51
1/22/2013,95.58
1/18/2013,94.87
1/17/2013,94.02
1/16/2013,92.95
1/15/2013,91.98
1/14/2013,92.65
1/11/2013,92
1/10/2013,92.43
1/9/2013,91.91
1/8/2013,91.94
1/7/2013,91.88
1/4/2013,91.78
1/3/2013,91.6
1/2/2013,91.92
12/31/2012,91.35
12/28/2012,90.34
12/27/2012,90.4
12/26/2012,90.48
12/24/2012,87.47
12/21/2012,87.68
12/20/2012,88.56
12/19/2012,88.37
12/18/2012,86.64
12/17/2012,85.84
12/14/2012,85.48
12/13/2012,84.58
12/12/2012,85.32
12/11/2012,84.61
12/10/2012,84.46
12/7/2012,85.01
12/6/2012,85.56
12/5/2012,87.11
12/4/2012,87.81
12/3/2012,88.54
11/30/2012,88.29
11/29/2012,87.43
11/28/2012,85.84
11/27/2012,86.57
11/26/2012,87.2
11/23/2012,87.55
11/21/2012,86.64
11/20/2012,86.17
11/19/2012,88.71
11/16/2012,86.8
11/15/2012,85.71
11/14/2012,86.54
11/13/2012,85.54
11/12/2012,85.54
11/9/2012,86.06
11/8/2012,84.95
11/7/2012,84.2
11/6/2012,88.11
11/5/2012,85.4
11/2/2012,84.35
11/1/2012,86.84
10/31/2012,86.21
10/30/2012,85.56
10/29/2012,85.55
10/26/2012,86.12
10/25/2012,85.14
10/24/2012,84.84
10/23/2012,85.7
10/22/2012,88.19
10/19/2012,89.45
10/18/2012,90.41
10/17/2012,90.27
10/16/2012,90.76
10/15/2012,89.89
10/12/2012,90.01
10/11/2012,90.02
10/10/2012,89.42
10/9/2012,90.43
10/8/2012,87.15
10/5/2012,87.77
10/4/2012,90
10/3/2012,86.92
10/2/2012,90.31
10/1/2012,90.92
9/28/2012,90.69
9/27/2012,90.09
9/26/2012,88.54
9/25/2012,89.03
9/24/2012,89.71
9/21/2012,90.42
9/20/2012,89.86
9/19/2012,89.63
9/18/2012,92.83
9/17/2012,93.97
9/14/2012,96.02
9/13/2012,95.62
9/12/2012,94.63
9/11/2012,94.49
9/10/2012,94.26
9/7/2012,94.25
9/6/2012,93.86
9/5/2012,94.44
9/4/2012,93.96
8/31/2012,95.15
8/30/2012,93.92
8/29/2012,94.32
8/28/2012,95.08
8/27/2012,94.49
8/24/2012,95.05
8/23/2012,95.34
8/22/2012,96.36
8/21/2012,95.16
8/20/2012,94.86
8/17/2012,94.97
8/16/2012,94.39
8/15/2012,93.29
8/14/2012,92.65
8/13/2012,92.06
8/10/2012,92.09
8/9/2012,92.62
8/8/2012,92.82
8/7/2012,93.37
8/6/2012,92.13
8/3/2012,91.28
8/2/2012,87.74
8/1/2012,89.03
7/31/2012,88.28
7/30/2012,90.05
7/27/2012,90.71
7/26/2012,90.3
7/25/2012,90.36
7/24/2012,90.15
7/23/2012,89.41
7/20/2012,92.54
7/19/2012,93.35
7/18/2012,90.81
7/17/2012,90.47
7/16/2012,89.79
7/13/2012,88.38
7/12/2012,87.92
7/11/2012,87.43
7/10/2012,85.6
7/9/2012,87.74
7/6/2012,86.05
7/5/2012,88.42
7/3/2012,88.79
7/2/2012,85.28
6/29/2012,86.54
6/28/2012,80.35
6/27/2012,82.25
6/26/2012,81.32
6/25/2012,81.35
6/22/2012,81.46
6/21/2012,79.82
6/20/2012,83.37
6/19/2012,85.53
6/18/2012,85.41
6/15/2012,86.07
6/14/2012,85.99
6/13/2012,84.78
6/12/2012,85.64
6/11/2012,85.03
6/8/2012,86.74
6/7/2012,86.91
6/6/2012,87.44
6/5/2012,87.69
6/4/2012,87.63
6/1/2012,86.47
5/31/2012,89.39
5/30/2012,90.28
5/29/2012,93.1
5/25/2012,93.33
5/24/2012,92.97
5/23/2012,92.01
5/22/2012,93.41
5/21/2012,94.46
5/18/2012,93.36
5/17/2012,94.1
5/16/2012,93.74
5/15/2012,94.32
5/14/2012,94.94
5/11/2012,95.85
5/10/2012,97.11
5/9/2012,96.99
5/8/2012,97.05
5/7/2012,97.35
5/4/2012,97.99
5/3/2012,101.25
5/2/2012,103.85
5/1/2012,104.48
4/30/2012,103.57
4/27/2012,102.9
4/26/2012,102.88
4/25/2012,102.06
4/24/2012,101.99
4/23/2012,102.03
4/20/2012,102.14
4/19/2012,101.63
4/18/2012,101.78
4/17/2012,102.94
4/16/2012,103.09
4/13/2012,102.57
4/12/2012,103.09
4/11/2012,102.97
4/10/2012,101.29
4/9/2012,102.11
4/5/2012,102.62
4/4/2012,101.08
4/3/2012,103.09
4/2/2012,104.36
3/30/2012,102.9
3/29/2012,102.62
3/28/2012,105.25
3/27/2012,106.61
3/26/2012,106.27
3/23/2012,106.42
3/22/2012,104.92
3/21/2012,106.12
3/20/2012,104.67
3/19/2012,106.64
3/16/2012,106.19
3/15/2012,104.17
3/14/2012,104.7
3/13/2012,105.66
3/12/2012,105.6
3/9/2012,106.24
3/8/2012,105.63
3/7/2012,106.1
3/6/2012,104.92
3/5/2012,106.08
3/2/2012,105.47
3/1/2012,107.21
2/29/2012,105.65
2/28/2012,106.15
2/27/2012,108.39
2/24/2012,109.34
2/23/2012,107.35
2/22/2012,105.9
2/21/2012,105.37
2/17/2012,102.9
2/16/2012,101.97
2/15/2012,101.66
2/14/2012,100.75
2/13/2012,100.85
2/10/2012,98.78
2/9/2012,99.28
2/8/2012,98.27
2/7/2012,97.93
2/6/2012,96.49
2/3/2012,97.21
2/2/2012,96.31
2/1/2012,97.39
1/31/2012,98.89
1/30/2012,99.15
1/27/2012,99.74
1/26/2012,99.63
1/25/2012,99.89
1/24/2012,99.7
1/23/2012,100.28
1/20/2012,99.81
1/19/2012,101.44
1/18/2012,101.84
1/17/2012,102.08
1/13/2012,101.12
1/12/2012,100.96
1/11/2012,102.89
1/10/2012,104.01
1/9/2012,103.96
1/6/2012,104.14
1/5/2012,103.67
1/4/2012,104.46
1/3/2012,104
12/30/2011,100.47
12/29/2011,101.81
12/28/2011,101.69
12/27/2011,103.37
12/23/2011,101.46
12/22/2011,101.57
12/21/2011,101.21
12/20/2011,100.06
12/19/2011,97.22
12/16/2011,97.23
12/15/2011,97.1
12/14/2011,98.61
12/13/2011,103.03
12/12/2011,100.37
12/9/2011,101.33
12/8/2011,100.47
12/7/2011,101.41
12/6/2011,102.5
12/5/2011,102.39
12/2/2011,102.78
12/1/2011,101.75
11/30/2011,102.24
11/29/2011,102.81
11/28/2011,101.65
11/25/2011,101.58
11/23/2011,100.33
11/22/2011,101.2
11/21/2011,100.47
11/18/2011,99.96
11/17/2011,101.51
11/16/2011,104.7
11/15/2011,101.53
11/14/2011,99.89
11/11/2011,100.24
11/10/2011,99.43
11/9/2011,97.4
11/8/2011,97.97
11/7/2011,97.12
11/4/2011,95.91
11/3/2011,94.9
11/2/2011,94.04
11/1/2011,93.92
10/31/2011,92.73
10/28/2011,92.71
10/27/2011,93.36
10/26/2011,91.09
10/25/2011,94.33
10/24/2011,91.5
10/21/2011,88.09
10/20/2011,87.02
10/19/2011,87.19
10/18/2011,89.8
10/17/2011,87.91
10/14/2011,88.07
10/13/2011,86.13
10/12/2011,86.84
10/11/2011,88.34
10/10/2011,87.71
10/7/2011,86.22
10/6/2011,86.11
10/5/2011,83.35
10/4/2011,80.25
10/3/2011,81.3
9/30/2011,82.36
9/29/2011,85.05
9/28/2011,83.06
9/27/2011,86.05
9/26/2011,83.03
9/23/2011,81.94
9/22/2011,82.44
9/21/2011,85.8
9/20/2011,86.26
9/19/2011,84.93
9/16/2011,86.19
9/15/2011,88.12
9/14/2011,88.15
9/13/2011,89.26
9/12/2011,87.82
9/9/2011,86.93
9/8/2011,87.83
9/7/2011,88.23
9/6/2011,85.22
9/2/2011,84.95
9/1/2011,86.74
8/31/2011,86.77
8/30/2011,87.17
8/29/2011,85.44
8/26/2011,83.99
8/25/2011,84
8/24/2011,83.99
8/23/2011,84.33
8/22/2011,83.14
8/19/2011,81.14
8/18/2011,81.56
8/17/2011,85.95
8/16/2011,85.23
8/15/2011,86.38
8/12/2011,84.5
8/11/2011,84.67
8/10/2011,82.05
8/9/2011,78.59
8/8/2011,80.43
8/5/2011,85
8/4/2011,84.5
8/3/2011,88.61
8/2/2011,90.11
8/1/2011,90.83
7/29/2011,91.52
7/28/2011,92.47
7/27/2011,92.38
7/26/2011,94.01
7/25/2011,93.56
7/22/2011,94.58
7/21/2011,93.42
7/20/2011,93
7/19/2011,92.69
7/18/2011,92.16
7/15/2011,92.8
7/14/2011,91.87
7/13/2011,94.01
7/12/2011,94.09
7/11/2011,92.13
7/8/2011,92.47
7/7/2011,94.62
7/6/2011,93.24
7/5/2011,93.1
7/1/2011,91.21
6/30/2011,92
6/29/2011,92
6/28/2011,91.39
6/27/2011,89.41
6/24/2011,89.61
6/23/2011,88.92
6/22/2011,92.36
6/21/2011,90.86
6/20/2011,91.38
6/17/2011,91.28
6/16/2011,93.46
6/15/2011,93.05
6/14/2011,96.22
6/13/2011,95.23
6/10/2011,97.1
6/9/2011,99.34
6/8/2011,98.51
6/7/2011,96.54
6/6/2011,96.87
6/3/2011,98.12
6/2/2011,98.17
6/1/2011,97.7
5/31/2011,99.48
5/27/2011,98.24
5/26/2011,98.19
5/25/2011,98.41
5/24/2011,96.95
5/23/2011,95.15
5/20/2011,96.7
5/19/2011,95.43
5/18/2011,97.28
5/17/2011,94.6
5/16/2011,94.65
5/13/2011,96.56
5/12/2011,95.39
5/11/2011,94.34
5/10/2011,99.83
5/9/2011,99.03
5/6/2011,93.9
5/5/2011,96.47
5/4/2011,104.74
5/3/2011,105.48
5/2/2011,107.73
4/29/2011,108.04
4/28/2011,107.3
4/27/2011,107.69
4/26/2011,106.7
4/25/2011,106.83
4/21/2011,106.37
4/20/2011,105.8
4/19/2011,103.51
4/18/2011,103.66
4/15/2011,105.33
4/14/2011,103.79
4/13/2011,103.26
4/12/2011,102.11
4/11/2011,105.02
4/8/2011,107.94
4/7/2011,105.79
4/6/2011,104.4
4/5/2011,104.36
4/4/2011,104.99
4/1/2011,104.03
3/31/2011,103.5
3/30/2011,101.29
3/29/2011,102.26
3/28/2011,101.57
3/25/2011,103.04
3/24/2011,102.58
3/23/2011,103.12
3/22/2011,101.77
3/21/2011,100.1
3/18/2011,99.59
3/17/2011,100.1
3/16/2011,97.34
3/15/2011,95.41
3/14/2011,98.71
3/11/2011,98.53
3/10/2011,100.12
3/9/2011,101.11
3/8/2011,102.04
3/7/2011,102.69
3/4/2011,101.51
3/3/2011,99.21
3/2/2011,99.47
3/1/2011,97.04
2/28/2011,94.37
2/25/2011,95.09
2/24/2011,94.27
2/23/2011,95.78
2/22/2011,92.36
2/18/2011,84.85
2/17/2011,85.03
2/16/2011,83.81
2/15/2011,83.35
2/14/2011,83.79
2/11/2011,84.66
2/10/2011,86.44
2/9/2011,86.17
2/8/2011,86.23
2/7/2011,86.54
2/4/2011,88.11
2/3/2011,89.63
2/2/2011,89.9
2/1/2011,89.9
1/31/2011,92.37
1/28/2011,89.22
1/27/2011,85.04
1/26/2011,87.02
1/25/2011,84.99
1/24/2011,86.18
1/21/2011,87.54
1/20/2011,88.69
1/19/2011,90.51
1/18/2011,90.74
1/14/2011,90.53
1/13/2011,90.17
1/12/2011,90.69
1/11/2011,90.23
1/10/2011,88.71
1/7/2011,87.62
1/6/2011,87.97
1/5/2011,89.77
1/4/2011,89.51
1/3/2011,90.65
12/31/2010,90.86
12/30/2010,89.96
12/29/2010,91.16
12/28/2010,91.42
12/27/2010,91.77
12/23/2010,91.69
12/22/2010,91.05
12/21/2010,90.78
12/20/2010,90.37
12/17/2010,89.14
12/16/2010,88.23
12/15/2010,88.65
12/14/2010,88.69
12/13/2010,89.19
12/10/2010,88.6
12/9/2010,89.21
12/8/2010,89.23
12/7/2010,89.47
12/6/2010,89.88
12/3/2010,89.69
12/2/2010,88.4
12/1/2010,88.11
11/30/2010,86.31
11/29/2010,87.5
11/26/2010,85.38
11/24/2010,84.1
11/23/2010,82.7
11/22/2010,82.95
11/19/2010,83.04
11/18/2010,83.38
11/17/2010,82.23
11/16/2010,84.31
11/15/2010,85.42
11/12/2010,85.89
11/11/2010,88.4
11/10/2010,87.99
11/9/2010,86.8
11/8/2010,87.21
11/5/2010,86.82
11/4/2010,86.8
11/3/2010,85.63
11/2/2010,84.65
11/1/2010,84.16
10/29/2010,82.86
10/28/2010,83.75
10/27/2010,84.64
10/26/2010,84.5
10/25/2010,83.65
10/22/2010,83.31
10/21/2010,82.25
10/20/2010,83.68
10/19/2010,81.92
10/18/2010,84.38
10/15/2010,82.18
10/14/2010,83.13
10/13/2010,83.28
10/12/2010,82.57
10/11/2010,83.28
10/8/2010,83.77
10/7/2010,83.09
10/6/2010,84.05
10/5/2010,84.24
10/4/2010,83.37
10/1/2010,83.32
9/30/2010,82.31
9/29/2010,80.3
9/28/2010,78.59
9/27/2010,78.55
9/24/2010,76.99
9/23/2010,75.6
9/22/2010,75.09
9/21/2010,75.76
9/20/2010,76.9
9/17/2010,75.95
9/16/2010,76.61
9/15/2010,78.16
9/14/2010,78.73
9/13/2010,79.39
9/10/2010,79.29
9/9/2010,76.75
9/8/2010,77.27
9/7/2010,77.36
9/3/2010,77.58
9/2/2010,79.01
9/1/2010,77.68
8/31/2010,76.72
8/30/2010,78.88
8/27/2010,79.44
8/26/2010,77.42
8/25/2010,76.43
8/24/2010,75.42
8/23/2010,76.42
8/20/2010,77.08
8/19/2010,77.34
8/18/2010,77.6
8/17/2010,78.24
8/16/2010,78.54
8/13/2010,78.33
8/12/2010,78.97
8/11/2010,81.62
8/10/2010,83.16
8/9/2010,83.66
8/6/2010,83.05
8/5/2010,83.33
8/4/2010,84
8/3/2010,84.51
8/2/2010,83.23
7/30/2010,81.18
7/29/2010,81.31
7/28/2010,79.73
7/27/2010,80.27
7/26/2010,81.51
7/23/2010,81.74
7/22/2010,81.95
7/21/2010,79.53
7/20/2010,81.34
7/19/2010,80.71
7/16/2010,80.07
7/15/2010,79.92
7/14/2010,79.47
7/13/2010,79.73
7/12/2010,77.72
7/9/2010,78.57
7/8/2010,78.82
7/7/2010,77.84
7/6/2010,75.86
7/2/2010,76.83
7/1/2010,77.44
6/30/2010,80.32
6/29/2010,79.85
6/28/2010,80.95
6/25/2010,81.53
6/24/2010,79.44
6/23/2010,79.04
6/22/2010,78.83
6/21/2010,79.49
6/18/2010,79.07
6/17/2010,78.99
6/16/2010,79.59
6/15/2010,79.21
6/14/2010,77.28
6/11/2010,76.47
6/10/2010,77.93
6/9/2010,77.36
6/8/2010,75.53
6/7/2010,75.23
6/4/2010,75.22
6/3/2010,77.87
6/2/2010,75.6
6/1/2010,76.13
5/28/2010,77.74
5/27/2010,78.28
5/26/2010,76.03
5/25/2010,72.51
5/24/2010,69.74
5/21/2010,72.22
5/20/2010,72.82
5/19/2010,73.22
5/18/2010,71.76
5/17/2010,72.97
5/14/2010,73.91
5/13/2010,75.5
5/12/2010,77.09
5/11/2010,77.58
5/10/2010,78.81
5/7/2010,78.4
5/6/2010,80.48
5/5/2010,82.08
5/4/2010,84.61
5/3/2010,87.24
4/30/2010,87.59
4/29/2010,85.59
4/28/2010,84.24
4/27/2010,83.68
4/26/2010,84.25
4/23/2010,84.68
4/22/2010,83.16
4/21/2010,82.76
4/20/2010,83.32
4/19/2010,82.92
4/16/2010,84.49
4/15/2010,85.56
4/14/2010,85.58
4/13/2010,84.28
4/12/2010,84.55
4/9/2010,85.43
4/8/2010,85.66
4/7/2010,86.09
4/6/2010,86.89
4/5/2010,86.74
4/1/2010,85.6
3/31/2010,85.06
3/30/2010,83.91
3/29/2010,83.93
3/26/2010,82.33
3/25/2010,81.93
3/24/2010,82.29
3/23/2010,83.13
3/22/2010,82.9
3/19/2010,81.94
3/18/2010,83.19
3/17/2010,83.54
3/16/2010,82.95
3/15/2010,81.52
3/12/2010,82.72
3/11/2010,84.34
3/10/2010,84.22
3/9/2010,83.45
3/8/2010,84.06
3/5/2010,83.9
3/4/2010,82.66
3/3/2010,83.34
3/2/2010,82.33
3/1/2010,82.03
2/26/2010,84.01
2/25/2010,82.96
2/24/2010,84.18
2/23/2010,83.03
2/22/2010,83.5
2/19/2010,83.08
2/18/2010,82.55
2/17/2010,80.86
2/16/2010,80.38
2/12/2010,78.01
2/11/2010,79.09
2/10/2010,79.36
2/9/2010,78.84
2/8/2010,76.95
2/5/2010,76.34
2/4/2010,78.46
2/3/2010,81.71
2/2/2010,81.81
2/1/2010,79.14
1/29/2010,77.72
1/28/2010,78.46
1/27/2010,78.61
1/26/2010,79.27
1/25/2010,79.33
1/22/2010,78.43
1/21/2010,79.48
1/20/2010,81.28
1/19/2010,81.49
1/15/2010,80.25
1/14/2010,81.44
1/13/2010,82.14
1/12/2010,83.98
1/11/2010,85.35
1/8/2010,85.36
1/7/2010,85.59
1/6/2010,85.98
1/5/2010,84.86
1/4/2010,84.74
12/31/2009,83.81
12/30/2009,83.64
12/29/2009,82.14
12/28/2009,82.18
12/24/2009,80.99
12/23/2009,79.25
12/22/2009,77.87
12/21/2009,76.91
12/18/2009,78.19
12/17/2009,77.84
12/16/2009,77.01
12/15/2009,75.08
12/14/2009,73.53
12/11/2009,73.99
12/10/2009,74.32
12/9/2009,74.65
12/8/2009,77.11
12/7/2009,77.63
12/4/2009,79.39
12/3/2009,80.51
12/2/2009,80.39
12/1/2009,81.83
11/30/2009,81.69
11/27/2009,80.82
11/25/2009,80.86
11/24/2009,79.4
11/23/2009,80.79
11/20/2009,82.2
11/19/2009,82.46
11/18/2009,83.81
11/17/2009,83.6
11/16/2009,82.66
11/13/2009,80.05
11/12/2009,80.93
11/11/2009,82.97
11/10/2009,83.22
11/9/2009,83.87
11/6/2009,83.14
11/5/2009,84.72
11/4/2009,85.51
11/3/2009,85.01
11/2/2009,84.42
10/30/2009,83.25
10/29/2009,85.25
10/28/2009,83.46
10/27/2009,84.81
10/26/2009,83.79
10/23/2009,84.16
10/22/2009,84.83
10/21/2009,84.27
10/20/2009,82.92
10/19/2009,82.03
10/16/2009,81.5
10/15/2009,80.16
10/14/2009,77.27
10/13/2009,76.49
10/12/2009,75.8
10/9/2009,74.91
10/8/2009,75.49
10/7/2009,73.88
10/6/2009,75.1
10/5/2009,75.59
10/2/2009,75.84
10/1/2009,76.35
9/30/2009,75.47
9/29/2009,72.37
9/28/2009,72.66
9/25/2009,71.97
9/24/2009,71.64
9/23/2009,73.67
9/22/2009,76.55
9/21/2009,75.24
9/18/2009,77.29
9/17/2009,77.2
9/16/2009,77.48
9/15/2009,76.28
9/14/2009,74.73
9/11/2009,74.66
9/10/2009,77.75
9/9/2009,76.82
9/8/2009,76.47
9/4/2009,73.73
9/3/2009,75.07
9/2/2009,75.13
9/1/2009,75.03
8/31/2009,76.81
8/28/2009,79.33
8/27/2009,79.25
8/26/2009,78.48
8/25/2009,77.37
8/24/2009,79.28
8/21/2009,79.29
8/20/2009,78.94
8/19/2009,79.39
8/18/2009,76.44
8/17/2009,73.9
8/14/2009,74.03
8/13/2009,76.61
8/12/2009,76.38
8/11/2009,76.49
8/10/2009,76.86
8/7/2009,76.92
8/6/2009,77.52
8/5/2009,76.99
8/4/2009,76.26
8/3/2009,76.41
7/31/2009,74.99
7/30/2009,72.46
7/29/2009,69.06
7/28/2009,73.17
7/27/2009,73.99
7/24/2009,72.18
7/23/2009,71.6
7/22/2009,70.52
7/21/2009,71.81
7/20/2009,70.79
7/17/2009,71
7/16/2009,69.39
7/15/2009,68.86
7/14/2009,67.71
7/13/2009,68.98
7/10/2009,69.62
7/9/2009,70.12
7/8/2009,70.42
7/7/2009,73.29
7/6/2009,74.48
7/2/2009,77.52
7/1/2009,79.56
6/30/2009,81.16
6/29/2009,82.75
6/26/2009,79.55
6/25/2009,80.7
6/24/2009,78.32
6/23/2009,79.11
6/22/2009,77.15
6/19/2009,78.87
6/18/2009,80.56
6/17/2009,80.65
6/16/2009,80
6/15/2009,80.14
6/12/2009,80.66
6/11/2009,79.79
6/10/2009,79.21
6/9/2009,77.27
6/8/2009,76.37
6/5/2009,76.13
6/4/2009,75.66
6/3/2009,73.05
6/2/2009,74.16
6/1/2009,74.63
5/29/2009,72.44
5/28/2009,72.71
5/27/2009,70.55
5/26/2009,69.98
5/22/2009,68.53
5/21/2009,68.88
5/20/2009,70.28
5/19/2009,69.03
5/18/2009,68.58
5/15/2009,66.33
5/14/2009,68.73
5/13/2009,67.77
5/12/2009,68.68
5/11/2009,67.92
5/8/2009,67.81
5/7/2009,66.37
5/6/2009,66.05
5/5/2009,63.36
5/4/2009,64.23
5/1/2009,63.21
4/30/2009,61.19
4/29/2009,61.25
4/28/2009,60.99
4/27/2009,60.89
4/24/2009,61.52
4/23/2009,59.96
4/22/2009,58.83
4/21/2009,57.43
4/20/2009,56.65
4/17/2009,61.14
4/16/2009,60.37
4/15/2009,59.21
4/14/2009,59.86
4/13/2009,61.19
4/9/2009,64.14
4/8/2009,60.96
4/7/2009,60.76
4/6/2009,63.4
4/3/2009,64.74
4/2/2009,65.17
4/1/2009,61.3
3/31/2009,62.68
3/30/2009,61.04
3/27/2009,65
3/26/2009,66.9
3/25/2009,64.2
3/24/2009,65.6
3/23/2009,65.14
3/20/2009,63.4
3/19/2009,63.7
3/18/2009,61.19
3/17/2009,62.53
3/16/2009,60.04
3/13/2009,58.92
3/12/2009,60.27
3/11/2009,54.41
3/10/2009,58.71
3/9/2009,61.04
3/6/2009,58.52
3/5/2009,56.14
3/4/2009,58.1
3/3/2009,53.87
3/2/2009,51.66
2/27/2009,56.69
2/26/2009,56.39
2/25/2009,52.34
2/24/2009,48.78
2/23/2009,46.97
2/20/2009,49.5
2/19/2009,49.6
2/18/2009,43.68
2/17/2009,44.13
2/13/2009,46.62
2/12/2009,42.46
2/11/2009,44.72
2/10/2009,46.27
2/9/2009,48.15
2/6/2009,49.62
2/5/2009,50.4
2/4/2009,49.48
2/3/2009,50.53
2/2/2009,49.7
1/30/2009,51.46
1/29/2009,50.64
1/28/2009,50.99
1/27/2009,50.9
1/26/2009,56.05
1/23/2009,56.48
1/22/2009,53.29
1/21/2009,53.51
1/20/2009,48.91
1/16/2009,45.71
1/15/2009,44.61
1/14/2009,46.39
1/13/2009,46.36
1/12/2009,45.53
1/9/2009,48.6
1/8/2009,49.43
1/7/2009,50.66
1/6/2009,57.35
1/5/2009,58.17
1/2/2009,55.98
12/31/2008,54.29
12/30/2008,47.59
12/29/2008,48.73
12/24/2008,39.12
12/23/2008,40.7
12/22/2008,38.31
12/19/2008,41.7
12/18/2008,43.3
12/17/2008,48.17
12/16/2008,53.21
12/15/2008,55.17
12/12/2008,57.59
12/11/2008,58.52
12/10/2008,54.7
12/9/2008,52.89
12/8/2008,55
12/5/2008,52.91
12/4/2008,55.21
12/3/2008,58.86
12/2/2008,58.48
12/1/2008,60.97
11/28/2008,67.51
11/26/2008,67.04
11/25/2008,61.38
11/24/2008,65.97
11/21/2008,62.98
11/20/2008,63.34
11/19/2008,66.56
11/18/2008,66.91
11/17/2008,66.79
11/14/2008,70.12
11/13/2008,72.48
11/12/2008,69.07
11/11/2008,71.54
11/10/2008,74.59
11/7/2008,72.19
11/6/2008,72.13
11/5/2008,75.75
11/4/2008,81.28
11/3/2008,75.77
10/31/2008,81.39
10/30/2008,80.34
10/29/2008,82.75
10/28/2008,81.48
10/27/2008,81.31
10/24/2008,80.36
10/23/2008,84.09
10/22/2008,82.33
10/21/2008,86.4
10/20/2008,89.16
10/17/2008,84.81
10/16/2008,83.08
10/15/2008,88.05
10/14/2008,90.94
10/13/2008,94.33
10/10/2008,92.25
10/9/2008,99.24
10/8/2008,99.8
10/7/2008,99.77
10/6/2008,97.12
10/3/2008,101.4
10/2/2008,101.39
10/1/2008,104.45
9/30/2008,106.66
9/29/2008,100.16
9/26/2008,110.44
9/25/2008,113.41
9/24/2008,110.87
9/23/2008,111.85
9/22/2008,125.38
9/19/2008,109.79
9/18/2008,104.72
9/17/2008,104.62
9/16/2008,97.74
9/15/2008,102.13
9/12/2008,107.35
9/11/2008,108.56
9/10/2008,109.92
9/9/2008,110.16
9/8/2008,113.76
9/5/2008,113.22
9/4/2008,114.74
9/3/2008,116.2
9/2/2008,117.33
8/29/2008,122.84
8/28/2008,121.55
8/27/2008,123.93
8/26/2008,121.91
8/25/2008,120.48
8/22/2008,119.47
8/21/2008,126.37
8/20/2008,122.34
8/19/2008,121.65
8/18/2008,119.8
8/15/2008,120.73
8/14/2008,122.43
8/13/2008,123.54
8/12/2008,120.25
8/11/2008,122.26
8/8/2008,122.99
8/7/2008,126.31
8/6/2008,124.09
8/5/2008,124.25
8/4/2008,125.76
8/1/2008,128.25
7/31/2008,127.18
7/30/2008,129.62
7/29/2008,125.31
7/28/2008,127.57
7/25/2008,124.74
7/24/2008,126.49
7/23/2008,124.81
7/22/2008,129.2
7/21/2008,131.25
7/18/2008,129.67
7/17/2008,129.56
7/16/2008,134.83
7/15/2008,138.85
7/14/2008,145.95
7/11/2008,146.5
7/10/2008,143.18
7/9/2008,137.56
7/8/2008,138.94
7/7/2008,143.84
7/3/2008,148.36
7/2/2008,145.21
7/1/2008,144.11
6/30/2008,142.53
6/27/2008,142.05
6/26/2008,141.18
6/25/2008,135.83
6/24/2008,138.2
6/23/2008,138.18
6/20/2008,137.08
6/19/2008,133.75
6/18/2008,139.15
6/17/2008,136.72
6/16/2008,137.38
6/13/2008,138.82
6/12/2008,139.82
6/11/2008,138.9
6/10/2008,134.37
6/9/2008,137.29
6/6/2008,141.17
6/5/2008,130.29
6/4/2008,123.98
6/3/2008,125.17
6/2/2008,127.99
5/30/2008,126.75
5/29/2008,125.1
5/28/2008,129.64
5/27/2008,127.96
5/23/2008,130.04
5/22/2008,128.43
5/21/2008,130.42
5/20/2008,128.14
5/19/2008,126.03
5/16/2008,126.18
5/15/2008,124.41
5/14/2008,124.56
5/13/2008,126.11
5/12/2008,124.68
5/9/2008,126.88
5/8/2008,125.5
5/7/2008,123.9
5/6/2008,121.9
5/5/2008,121.63
5/2/2008,118.52
5/1/2008,114.79
4/30/2008,114.42
4/29/2008,117.28
4/28/2008,120.34
4/25/2008,121.72
4/24/2008,119.05
4/23/2008,121.78
4/22/2008,120.07
4/21/2008,118.16
4/18/2008,117.72
4/17/2008,116.24
4/16/2008,115.15
4/15/2008,115.87
4/14/2008,114.07
4/11/2008,112.66
4/10/2008,112.04
4/9/2008,112.75
4/8/2008,110.04
4/7/2008,110.39
4/4/2008,107.15
4/3/2008,104.77
4/2/2008,106.69
4/1/2008,103.58
3/31/2008,104.35
3/28/2008,107.64
3/27/2008,109.13
3/26/2008,107.94
3/25/2008,102.74
3/24/2008,102.83
3/20/2008,105.28
3/19/2008,105.26
3/18/2008,108.48
3/17/2008,105.71
3/14/2008,108.68
3/13/2008,108.41
3/12/2008,108.94
3/11/2008,108.16
3/10/2008,107.64
3/7/2008,104.27
3/6/2008,103.96
3/5/2008,103.12
3/4/2008,99.05
3/3/2008,101.18
2/29/2008,99.86
2/28/2008,99.69
2/27/2008,97.5
2/26/2008,99.17
2/25/2008,99.25
2/22/2008,100.55
2/21/2008,99.43
2/20/2008,102.43
2/19/2008,101.47
2/15/2008,96.35
2/14/2008,95.21
2/13/2008,93.23
2/12/2008,92.72
2/11/2008,93.7
2/8/2008,91.6
2/7/2008,88.92
2/6/2008,87.51
2/5/2008,88.98
2/4/2008,89.51
2/1/2008,88.52
1/31/2008,92.04
1/30/2008,91.81
1/29/2008,91.57
1/28/2008,91.33
1/25/2008,91.01
1/24/2008,90.97
1/23/2008,90.31
1/22/2008,92.14
1/18/2008,93.02
1/17/2008,92.66
1/16/2008,93.13
1/15/2008,93.52
1/14/2008,96.05
1/11/2008,94.43
1/10/2008,94.48
1/9/2008,96.46
1/8/2008,96.34
1/7/2008,95.52
1/4/2008,98.03
1/3/2008,98.02
1/2/2008,98.67
12/28/2007,94.13
12/27/2007,94.76
12/26/2007,94.38
12/21/2007,92.58
12/20/2007,90.74
12/19/2007,91.54
12/18/2007,91.23
12/17/2007,91.18
12/14/2007,92.71
12/13/2007,94.28
12/12/2007,95.92
12/11/2007,90.94
12/10/2007,88.67
12/7/2007,88.7
12/6/2007,91.19
12/5/2007,88.71
12/4/2007,89.42
12/3/2007,89.34
11/30/2007,88.8
11/29/2007,90.93
11/28/2007,89.44
11/27/2007,94.1
11/26/2007,96.55
11/23/2007,96.83
11/21/2007,96.88
11/20/2007,97.39
11/19/2007,93.97
11/16/2007,92.47
11/15/2007,91.63
11/14/2007,90.42
11/13/2007,87.98
11/12/2007,91.19
11/9/2007,90.48
11/8/2007,89.17
11/7/2007,88.48
11/6/2007,89.44
11/5/2007,87.78
11/2/2007,89.67
11/1/2007,88.78
10/31/2007,89.81
10/30/2007,86.12
10/29/2007,89.1
10/26/2007,88.47
10/25/2007,89.76
10/24/2007,86.57
10/23/2007,83.7
10/22/2007,85.89
10/19/2007,85.41
10/18/2007,87.22
10/17/2007,85.25
10/16/2007,85.81
10/15/2007,84.12
10/12/2007,81.56
10/11/2007,80.92
10/10/2007,79.8
10/9/2007,78.89
10/8/2007,77.94
10/5/2007,79.73
10/4/2007,81.27
10/3/2007,79.7
10/2/2007,79.85
10/1/2007,79.69
9/28/2007,81.33
9/27/2007,83.11
9/26/2007,80.73
9/25/2007,81.49
9/24/2007,82.79
9/21/2007,83.19
9/20/2007,83.51
9/19/2007,83.17
9/18/2007,83.45
9/17/2007,82.97
9/14/2007,81.48
9/13/2007,82.66
9/12/2007,82.84
9/11/2007,81.66
9/10/2007,81.65
9/7/2007,80.84
9/6/2007,80.39
9/5/2007,79.67
9/4/2007,78.82
8/31/2007,78.1
8/30/2007,77.4
8/29/2007,78.03
8/28/2007,76.1
8/27/2007,75.65
8/24/2007,75.08
8/23/2007,73.91
8/22/2007,73.63
8/21/2007,73.83
8/20/2007,75.27
8/17/2007,76.44
8/16/2007,76.39
8/15/2007,78.95
8/14/2007,77.01
8/13/2007,75.34
8/10/2007,75.4
8/9/2007,75.68
8/8/2007,75.75
8/7/2007,76.53
8/6/2007,75.74
8/3/2007,79.47
8/2/2007,80.88
8/1/2007,80.96
7/31/2007,83.22
7/30/2007,82.06
7/27/2007,81.7
7/26/2007,78.64
7/25/2007,79.15
7/24/2007,76.13
7/23/2007,78.11
7/20/2007,79.27
7/19/2007,79.17
7/18/2007,78.32
7/17/2007,77.28
7/16/2007,77.36
7/13/2007,77.46
7/12/2007,75.87
7/11/2007,76.59
7/10/2007,76.61
7/9/2007,75.73
7/6/2007,76.33
7/5/2007,75.9
7/3/2007,75.76
7/2/2007,75.05
6/29/2007,75
6/28/2007,73.9
6/27/2007,73.92
6/26/2007,72.53
6/25/2007,73.8
6/22/2007,73.63
6/21/2007,73.43
6/20/2007,72.62
6/19/2007,73.47
6/18/2007,74.09
6/15/2007,72.6
6/14/2007,72.26
6/13/2007,70.79
6/12/2007,69.55
6/11/2007,70.02
6/8/2007,68.79
6/7/2007,71.07
6/6/2007,69.77
6/5/2007,69.63
6/4/2007,70.08
6/1/2007,69.08
5/31/2007,68.5
5/30/2007,68.26
5/29/2007,67.72
5/25/2007,69.95
5/24/2007,68.93
5/23/2007,70.42
5/22/2007,70.59
5/21/2007,71.81
5/18/2007,70.74
5/17/2007,71.2
5/16/2007,69.18
5/15/2007,69.37
5/14/2007,69.11
5/11/2007,69.47
5/10/2007,68.76
5/9/2007,68.06
5/8/2007,68.79
5/7/2007,67.76
5/4/2007,68.52
5/3/2007,70
5/2/2007,70.53
5/1/2007,71.52
4/30/2007,72.77
4/27/2007,74.32
4/26/2007,72.89
4/25/2007,72.38
4/24/2007,71.96
4/23/2007,73.31
4/20/2007,71.14
4/19/2007,69.78
4/18/2007,71.23
4/17/2007,71.3
4/16/2007,71.94
4/13/2007,72.47
4/12/2007,72.55
4/11/2007,70.92
4/10/2007,71
4/9/2007,70.88
4/5/2007,73.96
4/4/2007,74.63
4/3/2007,74.87
4/2/2007,76.22
3/30/2007,75.97
3/29/2007,76.45
3/28/2007,74.28
3/27/2007,72.83
3/26/2007,73.15
3/23/2007,71.37
3/22/2007,70.28
3/21/2007,67.54
3/20/2007,65.9
3/19/2007,66.62
3/16/2007,67.14
3/15/2007,67.79
3/14/2007,68.46
3/13/2007,67.99
3/12/2007,68.94
3/9/2007,70.34
3/8/2007,72.78
3/7/2007,72.89
3/6/2007,71.43
3/5/2007,70.91
3/2/2007,72.45
3/1/2007,72.74
2/28/2007,72.33
2/27/2007,71.53
2/26/2007,71.23
2/23/2007,70.14
2/22/2007,69.16
2/21/2007,69.04
2/20/2007,67.95
2/16/2007,69.11
2/15/2007,67.49
2/14/2007,67.59
2/13/2007,69
2/12/2007,67.98
2/9/2007,70.27
2/8/2007,70.71
2/7/2007,68.35
2/6/2007,69.58
2/5/2007,69.41
2/2/2007,69.94
2/1/2007,67.44
1/31/2007,68.57
1/30/2007,67.31
1/29/2007,63.87
1/26/2007,65.35
1/25/2007,63.2
1/24/2007,64.68
1/23/2007,63.82
1/22/2007,60.21
1/19/2007,60.89
1/18/2007,59.28
1/17/2007,61.29
1/16/2007,60.21
1/12/2007,61.96
1/11/2007,61.05
1/10/2007,63.55
1/9/2007,65.43
1/8/2007,65.92
1/5/2007,66.21
1/4/2007,65.45
1/3/2007,68.3
12/29/2006,71.14
